SceneName,CollisionDetection_min,CollisionDetection_max,CollisionDetection_mean,CollisionDetection_std,CollisionDetection_quartile1,CollisionDetection_quartile2,CollisionDetection_quartile3,CollisionDetection_cardinality,ODESolve_min,ODESolve_max,ODESolve_mean,ODESolve_std,ODESolve_quartile1,ODESolve_quartile2,ODESolve_quartile3,ODESolve_cardinality,ComputeForce_min,ComputeForce_max,ComputeForce_mean,ComputeForce_std,ComputeForce_quartile1,ComputeForce_quartile2,ComputeForce_quartile3,ComputeForce_cardinality,ComputeRHTerm_min,ComputeRHTerm_max,ComputeRHTerm_mean,ComputeRHTerm_std,ComputeRHTerm_quartile1,ComputeRHTerm_quartile2,ComputeRHTerm_quartile3,ComputeRHTerm_cardinality,setSystemMBKMatrix_min,setSystemMBKMatrix_max,setSystemMBKMatrix_mean,setSystemMBKMatrix_std,setSystemMBKMatrix_quartile1,setSystemMBKMatrix_quartile2,setSystemMBKMatrix_quartile3,setSystemMBKMatrix_cardinality,MBKSolve_min,MBKSolve_max,MBKSolve_mean,MBKSolve_std,MBKSolve_quartile1,MBKSolve_quartile2,MBKSolve_quartile3,MBKSolve_cardinality,ProjectAndMechaMap_min,ProjectAndMechaMap_max,ProjectAndMechaMap_mean,ProjectAndMechaMap_std,ProjectAndMechaMap_quartile1,ProjectAndMechaMap_quartile2,ProjectAndMechaMap_quartile3,ProjectAndMechaMap_cardinality,UpdateBBox_min,UpdateBBox_max,UpdateBBox_mean,UpdateBBox_std,UpdateBBox_quartile1,UpdateBBox_quartile2,UpdateBBox_quartile3,UpdateBBox_cardinality,TimeStep_min,TimeStep_max,TimeStep_mean,TimeStep_std,TimeStep_quartile1,TimeStep_quartile2,TimeStep_quartile3,TimeStep_cardinality,SolveConstraint_min,SolveConstraint_max,SolveConstraint_mean,SolveConstraint_std,SolveConstraint_quartile1,SolveConstraint_quartile2,SolveConstraint_quartile3,SolveConstraint_cardinality,PrepareState_min,PrepareState_max,PrepareState_mean,PrepareState_std,PrepareState_quartile1,PrepareState_quartile2,PrepareState_quartile3,PrepareState_cardinality,BuildSystem_min,BuildSystem_max,BuildSystem_mean,BuildSystem_std,BuildSystem_quartile1,BuildSystem_quartile2,BuildSystem_quartile3,BuildSystem_cardinality,SolveSystem_min,SolveSystem_max,SolveSystem_mean,SolveSystem_std,SolveSystem_quartile1,SolveSystem_quartile2,SolveSystem_quartile3,SolveSystem_cardinality,ApplyCorrection_min,ApplyCorrection_max,ApplyCorrection_mean,ApplyCorrection_std,ApplyCorrection_quartile1,ApplyCorrection_quartile2,ApplyCorrection_quartile3,ApplyCorrection_cardinality,CPUUsage_min,CPUUsage_max,CPUUsage_mean,CPUUsage_std,CPUUsage_quartile1,CPUUsage_quartile2,CPUUsage_quartile3,CPUUsage_cardinality
fallingBeamLagrangianCollision,0.330548,0.419901,0.34492072156862746,0.011949314095539062,0.337277,0.342645,0.347763,255,11.833462,13.724156,12.299890011764704,0.24487001486226712,12.1557255,12.329544,12.4148605,255,0.283025,0.398548,0.29451724705882354,0.013277637452769872,0.2862135,0.290079,0.298867,255,0.134681,0.208914,0.145755031372549,0.01496748436638032,0.136412,0.137461,0.144103,255,3.869102,4.483472,3.9642255098039216,0.07066951141025123,3.905221,3.960387,4.006906,255,3.869102,4.483472,3.9642255098039216,0.07066951141025123,3.905221,3.960387,4.006906,255,0.022785,0.07806,0.02502632549019608,0.00389689045365425,0.0235745,0.023986,0.0254535,255,0.054141,0.079878,0.05673898431372549,0.0022593047029850605,0.055427,0.055911,0.058067,255,40.090413,49.691715,47.242744447058826,1.7417867226226142,47.4963285,47.869106,48.034245,255,27.226832,36.439387,34.41116564313725,1.779788818501595,35.010418,35.096229,35.1865355,255,0.020328,0.051892,0.022109360784313727,0.00259395817524738,0.0212305,0.021587,0.022209,255,21.803374,22.514445,21.93533068627451,0.06999645528573745,21.897732,21.927308,21.9577255,255,4.849493,14.041956,12.049204270588236,1.776498219330607,12.6756075,12.747655,12.8155405,255,0.389032,0.449121,0.4022331803921569,0.009903700129235114,0.3951535,0.398896,0.4069385,255,0.0,0.0,0.0,0.0,0.0,0.0,0.0,5
SofaScene,12.038051,19.902247,13.276286411965811,0.38184220396232715,13.099984,13.166049,13.2797125,1755,11.706397,19.535927,12.94941956980057,0.37466548995360294,12.7778445,12.840349,12.9474475,1755,0.007759,0.851132,0.23901203580246913,0.21461847267996054,0.0467535,0.2148495,0.380768,10530,0.009039,0.403966,0.09259301377018044,0.07728613634864244,0.020864,0.107334,0.142614,10530,0.10367,8.638765,1.8666064049382716,1.9086478557156363,0.1675895,1.1649205,2.69382875,10530,0.10367,8.638765,1.8666064049382716,1.9086478557156363,0.1675895,1.1649205,2.69382875,10530,0.091179,0.176609,0.10570106780626781,0.013273666473535974,0.0978265,0.100134,0.1084975,1755,0.135655,0.234357,0.14817041025641026,0.01412783964839759,0.140049,0.141843,0.149028,1755,23.933288,50.480263,28.933625803418803,2.4119998188343987,27.2507475,28.850765,30.647447,1755,10.218222,32.274312,15.077020618803418,2.3805049478177964,13.434763,14.93165,16.7717845,1755,0.072856,0.338113,0.08313047806267805,0.012166783356281664,0.0780685,0.080124,0.0818685,1755,9.399776,30.955403,14.249035333333333,2.2974052472152913,12.664097,14.109828,15.910002,1755,0.103952,0.678154,0.26076504216524216,0.1040096765023997,0.199815,0.238086,0.2864275,1755,0.410084,0.748523,0.48200895156695156,0.02985200318762367,0.460212,0.480069,0.5016295,1755,0.0,1.2,0.48,0.5878775382679627,0.0,0.0,1.2,5
BilateralLagrangianConstraint_NNCG,0.038543,1.751872,0.095697087,0.12370943840123691,0.04312975,0.080431,0.1113995,1000,0.275958,0.445954,0.305756707,0.025473893445548346,0.2871625,0.2925835,0.32291,1000,0.001279,0.01529,0.00196222,0.0007296801937150274,0.001539,0.001716,0.002349,4000,0.002884,0.021703,0.0038891405,0.0009220586715387205,0.00332375,0.0035195,0.004391,4000,0.020894,0.080454,0.02444574875,0.003355951824389533,0.022109,0.0237365,0.02564925,4000,0.020894,0.080454,0.02444574875,0.003355951824389533,0.022109,0.0237365,0.02564925,4000,0.02102,0.048788,0.023517022000000002,0.0030826500572585275,0.02146275,0.021785,0.02554125,1000,0.026419,0.065144,0.028591560000000002,0.003088893929289253,0.02698,0.0272465,0.0297255,1000,0.582078,2.577134,0.689398642,0.16080353816249762,0.59879225,0.645382,0.7585055,1000,0.093212,0.21935,0.10673930599999999,0.01581195848907921,0.09565,0.099017,0.1170755,1000,0.026139,0.064272,0.030149943,0.004912048477952045,0.02731625,0.0280075,0.0321305,1000,0.042196,0.129163,0.048834925,0.008650489171912476,0.043158,0.044198,0.05380575,1000,0.006229,0.033373,0.007592643,0.002017545014504261,0.00647075,0.006609,0.008011,1000,0.016901,0.05426,0.019595877,0.003234558179082733,0.01754075,0.018056,0.02116075,1000,0.0,0.0,0.0,0.0,0.0,0.0,0.0,5
BilateralLagrangianConstraint_PGS,0.029623,1.811173,0.09615041499999999,0.12338374570996284,0.04344225,0.082012,0.11197925,1000,0.27391,0.523255,0.306578952,0.02847185777454109,0.286285,0.294313,0.323372,1000,0.001289,0.01742,0.002013401,0.000756488955107079,0.001601,0.0017795,0.002365,4000,0.002941,0.019528,0.003857143,0.0009270414807607048,0.00328,0.0034655,0.00433725,4000,0.021017,0.06233,0.02456416225,0.0035769952741686616,0.022093,0.0236895,0.02577025,4000,0.021017,0.06233,0.02456416225,0.0035769952741686616,0.022093,0.0236895,0.02577025,4000,0.020715,0.05537,0.023494071,0.003436029639563518,0.021289,0.021721,0.0253205,1000,0.02644,0.061323,0.028768258999999997,0.0031842925308330264,0.02701875,0.0274265,0.03002125,1000,0.574599,2.645045,0.6907882909999999,0.1600928281963009,0.5999625,0.6440225,0.758519,1000,0.091902,0.205015,0.106366544,0.015728634715768054,0.0951005,0.098616,0.1164125,1000,0.025716,0.065436,0.029782024,0.0047919726711891835,0.02680075,0.0275715,0.03211825,1000,0.041722,0.117,0.04880457,0.00866215640802566,0.04286,0.0450535,0.05347925,1000,0.006113,0.025968,0.007618786,0.0018476076678245303,0.00639975,0.006939,0.00813,1000,0.016938,0.044208,0.01961227,0.003034300596035271,0.01756625,0.018025,0.02112,1000,0.0,2.4,0.72,0.9599999999999999,0.0,0.0,1.2,5
BilateralLagrangianConstraint_UGS,0.029391,1.72166,0.06642658500000001,0.11792446215842062,0.04172675,0.0539895,0.0668535,1000,0.271271,0.441908,0.29168147600000005,0.017314440309967403,0.28376125,0.286742,0.291685,1000,0.001253,0.038807,0.001828409,0.0010863712713520182,0.001466,0.001577,0.002228,4000,0.002864,0.033759,0.00360252475,0.0011384571377032328,0.00313775,0.003273,0.0041345,4000,0.02116,0.10082,0.023680260249999998,0.003048202068764461,0.02194,0.02344,0.0241085,4000,0.02116,0.10082,0.023680260249999998,0.003048202068764461,0.02194,0.02344,0.0241085,4000,0.021027,0.042759,0.022068167,0.0017221657002480918,0.021437,0.0215605,0.02204025,1000,0.026284,0.053616,0.027615718,0.002116671086512026,0.0267585,0.027038,0.0276775,1000,0.59594,2.524672,0.657960649,0.14073837481691978,0.615176,0.6417565,0.66036725,1000,0.104152,0.217193,0.128120921,0.015974939627390116,0.11647525,0.1268515,0.13438,1000,0.025745,0.059923,0.027513501,0.003225548930957179,0.026469,0.0267685,0.02712225,1000,0.047598,0.109438,0.050784830999999996,0.006463847465127793,0.04868975,0.049163,0.0498005,1000,0.009201,0.065146,0.030427292,0.010634499103612543,0.02112675,0.030965,0.0369195,1000,0.017337,0.042196,0.01881552,0.002378274591715599,0.01782775,0.018006,0.018281,1000,0.0,1.2,0.48,0.5878775382679627,0.0,0.0,1.2,5
FrictionContact_LCP_with_friction,0.037322,1.591743,0.079968644,0.10302310689473144,0.07231325,0.073014,0.075624,1000,0.080619,0.178474,0.107979724,0.011120378460008632,0.10574825,0.107936,0.11004725,1000,0.002141,0.014488,0.0031984070000000003,0.0010419194082802183,0.003028,0.003106,0.003178,1000,0.004248,0.021268,0.005732945,0.0012562641362289222,0.005544,0.005642,0.00575025,1000,0.024642,0.104238,0.034048769,0.0049757011222177515,0.03276775,0.033328,0.03556525,1000,0.024642,0.104238,0.034048769,0.0049757011222177515,0.03276775,0.033328,0.03556525,1000,0.006536,0.040563,0.009867516,0.0019513708626870496,0.00983775,0.009934,0.01006225,1000,0.010382,0.035749,0.012586352,0.0015802795999746374,0.012459,0.0125625,0.012653,1000,0.182291,1.886841,0.29771195,0.11329579187742808,0.2918255,0.294906,0.298849,1000,0.012883,0.085324,0.039779896999999995,0.010511308772288586,0.04082825,0.041318,0.0421115,1000,0.002086,0.02461,0.00325658,0.0009773830956180897,0.00312875,0.003204,0.003272,1000,0.007219,0.045124,0.01746198,0.004251891672138414,0.01750075,0.0177685,0.0180515,1000,0.001885,0.057217,0.017022031,0.006478492183528433,0.0181715,0.0183945,0.018631,1000,0.000985,0.022231,0.001532553,0.0009808316334575472,0.001351,0.001403,0.00145,1000,0.0,1.2,0.24,0.48000000000000004,0.0,0.0,0.0,5
FrictionContact_LCP_without_friction,0.020737,1.583539,0.094918706,0.10163209313027831,0.07383075,0.1008415,0.10300325,1000,0.080085,0.196514,0.10821884200000001,0.011619541396072222,0.10610675,0.1085935,0.11019675,1000,0.002221,0.013603,0.003236426,0.0009293452353802648,0.00308275,0.003164,0.00324525,1000,0.004226,0.023596,0.005756508,0.0015256456429774247,0.00555,0.005632,0.00571025,1000,0.024679,0.071974,0.034058078,0.00447482072645553,0.03287575,0.0334105,0.03570825,1000,0.024679,0.071974,0.034058078,0.00447482072645553,0.03287575,0.0334105,0.03570825,1000,0.006544,0.020301,0.009862222,0.0015265762616770903,0.00983375,0.009938,0.01005125,1000,0.010411,0.028842,0.012684536,0.0014961270676997992,0.0124955,0.012594,0.01270525,1000,0.184441,1.887063,0.302663509,0.1124482597483301,0.28102675,0.3115995,0.31701825,1000,0.012858,0.079558,0.029614236000000002,0.006940359629464744,0.02736175,0.031462,0.032038,1000,0.002157,0.018361,0.003294925,0.0010533802273514537,0.00311075,0.003195,0.00325825,1000,0.007202,0.051548,0.016265836,0.0040707730277066536,0.01579075,0.0166215,0.016884,1000,0.001863,0.030627,0.008057179,0.0029564394475380344,0.006484,0.0096555,0.009961,1000,0.000976,0.008548,0.001490458,0.0006215797472858973,0.001333,0.001397,0.00146,1000,0.0,1.2,0.72,0.5878775382679627,0.0,1.2,1.2,5
FixedProjectiveConstraint,0.006502,0.14235,0.008057675,0.009121908104085185,0.00676775,0.006879,0.00707675,1000,1.153359,1.479956,1.206053974,0.07454040694329032,1.16052375,1.1675215,1.202572,1000,0.066512,0.106145,0.068417194,0.003399313147734995,0.06683775,0.066988,0.0703005,1000,0.03684,0.063584,0.037905952,0.002283915119634703,0.037252,0.0374295,0.037599,1000,0.021477,0.100622,0.023362026999999997,0.003290494596298708,0.022182,0.02244,0.0244855,1000,1.000469,1.30929,1.052693946,0.07414063537511048,1.00911,1.017252,1.04487525,1000,0.002907,0.00883,0.0032559340000000003,0.0005626493825145461,0.003075,0.003145,0.00321625,1000,0.011254,0.024876,0.011775595,0.0008277950706394669,0.011568,0.0116405,0.011729,1000,1.189925,1.683968,1.244801843,0.07635406874597025,1.198271,1.2056875,1.241567,1000,NaN,NaN,NaN,NaN,NaN,NaN,NaN,NaN,NaN,NaN,NaN,NaN,NaN,NaN,NaN,NaN,NaN,NaN,NaN,NaN,NaN,NaN,NaN,NaN,NaN,NaN,NaN,NaN,NaN,NaN,NaN,NaN,NaN,NaN,NaN,NaN,NaN,NaN,NaN,NaN,0.0,0.0,0.0,0.0,0.0,0.0,0.0,5
FEMBAR_EigenSimplicialLDLT,0.000285,0.001025,0.000358525,6.0240927740200024e-05,0.000326,0.000343,0.000379,1000,2.588366,5.004768,2.642383954,0.18237987578851425,2.596598,2.617081,2.63550575,1000,0.051282,0.099417,0.054207815,0.004269653664265406,0.05205025,0.052324,0.05538825,1000,0.043808,0.089165,0.045969673,0.003538135267068092,0.044351,0.044703,0.04774825,1000,0.699347,2.024368,0.717700326,0.0926797393217726,0.704965,0.707693,0.711208,1000,1.765195,2.811695,1.800175433,0.10328065411685536,1.7703325,1.780101,1.7914495,1000,0.001267,0.01022,0.001482357,0.000315572824481133,0.001399,0.001455,0.001515,1000,0.012721,0.041739,0.013356308,0.0012540320383211906,0.013014,0.01314,0.013402,1000,2.613517,5.067009,2.669052847,0.18471397362988431,2.6230155,2.6441155,2.6618585,1000,NaN,NaN,NaN,NaN,NaN,NaN,NaN,NaN,NaN,NaN,NaN,NaN,NaN,NaN,NaN,NaN,NaN,NaN,NaN,NaN,NaN,NaN,NaN,NaN,NaN,NaN,NaN,NaN,NaN,NaN,NaN,NaN,NaN,NaN,NaN,NaN,NaN,NaN,NaN,NaN,0.0,1.2,0.96,0.48000000000000004,1.2,1.2,1.2,5
FEMBAR_EigenSimplicialLLT,0.000288,0.001063,0.0003515,5.5794175323236026e-05,0.000323,0.000338,0.00036,1000,2.61033,4.84088,2.663889383,0.17218596889181856,2.623298,2.633015,2.65931475,1000,0.051328,0.090422,0.052654119,0.0031261455652030986,0.05175375,0.051991,0.05229275,1000,0.043866,0.086073,0.044878112,0.002720903538432776,0.044215,0.0443405,0.044528,1000,0.697028,1.933225,0.716490829,0.08397567005761704,0.70295875,0.704913,0.71466125,1000,1.786827,2.757419,1.825740741,0.10208555588016317,1.798533,1.8021205,1.817988,1000,0.001203,0.01052,0.00144248,0.0003286493048828797,0.001357,0.0014115,0.00147725,1000,0.012815,0.024185,0.013400002000000001,0.0009048181563142949,0.01311675,0.013236,0.01338125,1000,2.635736,4.898716,2.690639677,0.1744339644311929,2.64935075,2.6599435,2.68594425,1000,NaN,NaN,NaN,NaN,NaN,NaN,NaN,NaN,NaN,NaN,NaN,NaN,NaN,NaN,NaN,NaN,NaN,NaN,NaN,NaN,NaN,NaN,NaN,NaN,NaN,NaN,NaN,NaN,NaN,NaN,NaN,NaN,NaN,NaN,NaN,NaN,NaN,NaN,NaN,NaN,0.0,0.0,0.0,0.0,0.0,0.0,0.0,5
FEMBAR_EigenSparseLU,0.00032,0.000884,0.00041117899999999996,6.161562268613375e-05,0.00037,0.0004,0.000434,1000,3.388288,5.913883,3.462632004,0.19266411378884235,3.409521,3.429924,3.45771125,1000,0.052864,0.093788,0.054861949,0.0025551994459139587,0.053757,0.0541735,0.05499825,1000,0.04463,0.083194,0.04596086,0.002353284692169649,0.04524975,0.045514,0.04583575,1000,0.703137,1.942469,0.726996145,0.08580420540699607,0.7103885,0.7142,0.722524,1000,2.553327,3.805644,2.607564133,0.11869264762850017,2.566235,2.5801795,2.607378,1000,0.001426,0.004641,0.001807523,0.00029012779162120955,0.00162275,0.0017095,0.00191925,1000,0.013991,0.030209,0.015340299000000002,0.0011116555363956048,0.014836,0.015143,0.0155395,1000,3.415837,5.976856,3.49338748,0.19526659740289837,3.44015125,3.46011,3.488782,1000,NaN,NaN,NaN,NaN,NaN,NaN,NaN,NaN,NaN,NaN,NaN,NaN,NaN,NaN,NaN,NaN,NaN,NaN,NaN,NaN,NaN,NaN,NaN,NaN,NaN,NaN,NaN,NaN,NaN,NaN,NaN,NaN,NaN,NaN,NaN,NaN,NaN,NaN,NaN,NaN,0.0,0.0,0.0,0.0,0.0,0.0,0.0,5
FEMBAR_EigenSparseQR,0.000322,0.010805,0.00047596499999999996,0.00044111380138803176,0.00038,0.000453,0.000511,1000,10.953587,14.078865,11.129484599,0.23639258194812757,11.02861,11.072249,11.16934525,1000,0.054672,0.106578,0.057848946000000005,0.004198062636393602,0.05632525,0.0569635,0.0577395,1000,0.045079,0.092013,0.046978856,0.0032673216048108886,0.045888,0.0463065,0.047015,1000,0.705147,1.956981,0.736118551,0.08721996932675108,0.71325225,0.7206635,0.730374,1000,10.114143,11.985405,10.260477994999999,0.16199614098926238,10.1749805,10.211883,10.29753525,1000,0.001307,0.011717,0.001824438,0.0005863516676500545,0.001649,0.001767,0.001895,1000,0.0145,0.037552,0.016124028,0.0017777952033954869,0.015454,0.015852,0.01624125,1000,10.983052,14.150166,11.16224208,0.23918496915405785,11.06005975,11.1046735,11.202186,1000,NaN,NaN,NaN,NaN,NaN,NaN,NaN,NaN,NaN,NaN,NaN,NaN,NaN,NaN,NaN,NaN,NaN,NaN,NaN,NaN,NaN,NaN,NaN,NaN,NaN,NaN,NaN,NaN,NaN,NaN,NaN,NaN,NaN,NaN,NaN,NaN,NaN,NaN,NaN,NaN,0.0,0.0,0.0,0.0,0.0,0.0,0.0,5
FEMBAR_PrecomputedLinearSolver,0.000296,0.001332,0.000471437,9.157362082499523e-05,0.00042,0.0004595,0.000511,1000,0.750259,103.491671,1.301641266,7.226265994873542,0.7682425,0.7875605,0.80289825,1000,0.053898,0.09182,0.057910684999999996,0.004360018280899175,0.05613475,0.056809,0.05772025,1000,0.043824,0.086314,0.04730342,0.0037396650678369584,0.04609525,0.046838,0.047389,1000,0.000141,6.620842,0.033184643,0.46232275389808314,0.000204,0.000237,0.000283,1000,0.629315,96.746076,1.139547141,6.760187717056286,0.6376895,0.658611,0.6744785,1000,0.001263,0.0088,0.0017602070000000002,0.0003951202173402419,0.001589,0.001696,0.001849,1000,0.014118,0.031201,0.016152885,0.0015801227540210283,0.01545775,0.015863,0.0163685,1000,0.778942,103.571873,1.3337404979999998,7.22965141397129,0.79969475,0.819188,0.83368225,1000,NaN,NaN,NaN,NaN,NaN,NaN,NaN,NaN,NaN,NaN,NaN,NaN,NaN,NaN,NaN,NaN,NaN,NaN,NaN,NaN,NaN,NaN,NaN,NaN,NaN,NaN,NaN,NaN,NaN,NaN,NaN,NaN,NaN,NaN,NaN,NaN,NaN,NaN,NaN,NaN,0.0,0.0,0.0,0.0,0.0,0.0,0.0,5
FEMBAR_SparseLDLSolver,0.00027,0.000819,0.000324692,4.804453284193739e-05,0.000301,0.000314,0.000335,1000,0.072002,4.535923,1.2757069724999999,1.2075523997157327,0.072296,1.2824005,2.45022775,2000,0.051309,0.106804,0.053556758,0.004036461791152742,0.05181575,0.0525005,0.05434975,1000,0.043702,0.082819,0.045135087,0.003107253584024162,0.044137,0.0444035,0.0454285,1000,0.696502,1.95768,0.716507902,0.08477768881401755,0.7032825,0.705347,0.710151,1000,1.609793,2.441648,1.639626604,0.07631490471237704,1.61594925,1.6197685,1.641088,1000,0.001275,0.011654,0.001487806,0.00035920521205015947,0.00141,0.001449,0.001499,1000,0.012677,0.043035,0.013474696,0.001495813272298384,0.0130055,0.0132275,0.01355775,1000,2.456452,4.595414,2.505076373,0.15588686949407213,2.467561,2.476848,2.5063145,1000,NaN,NaN,NaN,NaN,NaN,NaN,NaN,NaN,NaN,NaN,NaN,NaN,NaN,NaN,NaN,NaN,NaN,NaN,NaN,NaN,NaN,NaN,NaN,NaN,NaN,NaN,NaN,NaN,NaN,NaN,NaN,NaN,NaN,NaN,NaN,NaN,NaN,NaN,NaN,NaN,0.0,1.2,0.24,0.48000000000000004,0.0,0.0,0.0,5
FEMBAR_MinResLinearSolver,0.000237,0.001073,0.000287574,5.520043952723565e-05,0.000265,0.000278,0.00030125,1000,2.923403,3.862978,3.284436325,0.18129745535251007,3.1297465,3.2694015,3.3940145,1000,0.051228,0.117868,0.053573615,0.004609095041846609,0.05151775,0.051652,0.0555765,1000,0.043278,0.073133,0.044857430999999996,0.0026114844137461357,0.043673,0.043848,0.04629725,1000,0.023515,0.053853,0.02485128,0.0020118599239509695,0.02395775,0.0242355,0.0249805,1000,2.785747,3.684911,3.140593585,0.1784929369796149,2.98976575,3.1231875,3.247953,1000,0.001051,0.003702,0.0012137909999999999,0.00012823259850365662,0.001147,0.001193,0.001253,1000,0.011487,0.024954,0.011900184,0.0007710397772774113,0.011699,0.011777,0.011876,1000,2.945273,3.917381,3.307818194,0.1819435366737834,3.15343175,3.2917155,3.4169215,1000,NaN,NaN,NaN,NaN,NaN,NaN,NaN,NaN,NaN,NaN,NaN,NaN,NaN,NaN,NaN,NaN,NaN,NaN,NaN,NaN,NaN,NaN,NaN,NaN,NaN,NaN,NaN,NaN,NaN,NaN,NaN,NaN,NaN,NaN,NaN,NaN,NaN,NaN,NaN,NaN,0.0,1.2,0.24,0.48000000000000004,0.0,0.0,0.0,5
FEMBAR_ShewchukPCGLinearSolver,0.000243,0.000935,0.000293344,4.620910801995641e-05,0.000276,0.00029,0.000301,1000,0.467177,1.063331,0.637042429,0.0817718272749543,0.607242,0.627139,0.67186,1000,0.050991,0.105788,0.052542077,0.003566523590707203,0.051415,0.051628,0.05273375,1000,0.042928,0.075296,0.044428843999999995,0.002954651016899289,0.043423,0.043714,0.0445775,1000,0.023703,0.05357,0.025271092000000002,0.002499964598456546,0.024099,0.0242915,0.026289,1000,0.329481,0.861954,0.494578764,0.07954933071879552,0.468193,0.4803655,0.52704475,1000,0.001011,0.004648,0.001189735,0.00014952149937383588,0.001133,0.001178,0.001223,1000,0.011224,0.032112,0.011878517,0.0012564816869779678,0.011576,0.0116905,0.01186125,1000,0.4915,1.115304,0.660574005,0.08265466442314659,0.62987025,0.6521385,0.6959845,1000,NaN,NaN,NaN,NaN,NaN,NaN,NaN,NaN,NaN,NaN,NaN,NaN,NaN,NaN,NaN,NaN,NaN,NaN,NaN,NaN,NaN,NaN,NaN,NaN,NaN,NaN,NaN,NaN,NaN,NaN,NaN,NaN,NaN,NaN,NaN,NaN,NaN,NaN,NaN,NaN,0.0,1.2,0.24,0.48000000000000004,0.0,0.0,0.0,5
FEMBAR_CGLinearSolver,0.000237,0.00083,0.000282604,4.365078675121445e-05,0.000263,0.000274,0.000296,1000,3.007892,4.159778,3.458668873,0.21661621667577632,3.307609,3.460679,3.6075875,1000,0.050893,0.098508,0.052718707000000004,0.003932779429506694,0.05128325,0.051523,0.05228725,1000,0.043124,0.082675,0.044430142,0.00277187761631642,0.04360575,0.0437445,0.04397925,1000,0.023297,0.053509,0.024775897,0.002291927174320991,0.02377075,0.024028,0.02474225,1000,2.86805,4.007677,3.316571457,0.21606238769270822,3.16715975,3.3171315,3.46807675,1000,0.001066,0.003657,0.001235194,0.00013516799311967312,0.00117675,0.001219,0.00126425,1000,0.011369,0.031891,0.01183681,0.0011037308584523676,0.011615,0.011696,0.011807,1000,3.029736,4.183037,3.48196362,0.2164544050319272,3.32972475,3.4845855,3.630442,1000,NaN,NaN,NaN,NaN,NaN,NaN,NaN,NaN,NaN,NaN,NaN,NaN,NaN,NaN,NaN,NaN,NaN,NaN,NaN,NaN,NaN,NaN,NaN,NaN,NaN,NaN,NaN,NaN,NaN,NaN,NaN,NaN,NaN,NaN,NaN,NaN,NaN,NaN,NaN,NaN,0.0,1.2,0.48,0.5878775382679627,0.0,0.0,1.2,5
FEMBAR_CGLinearSolver_assembled,0.000254,0.000843,0.000309788,4.6174593187163e-05,0.000289,0.000301,0.00032,1000,2.029734,3.440974,2.211845903,0.11393630072992361,2.14684075,2.2101685,2.2682115,1000,0.051372,0.105117,0.052741061,0.0037574976613803765,0.05164675,0.0517355,0.0527,1000,0.043648,0.091757,0.045036834000000005,0.0032672957225271175,0.04408575,0.044235,0.04512275,1000,0.694025,1.92537,0.7124989270000001,0.08345611755974315,0.69984075,0.7016515,0.704003,1000,1.209416,1.619067,1.3793946049999999,0.08256084087731286,1.31468675,1.3876955,1.4374385,1000,0.001164,0.015152,0.001381152,0.0006330431429973789,0.00129475,0.001332,0.001377,1000,0.011993,0.02416,0.012449691,0.0009209069038285032,0.012229,0.0123185,0.01242425,1000,2.052964,3.494042,2.236322054,0.11526717729287503,2.170351,2.2342095,2.292951,1000,NaN,NaN,NaN,NaN,NaN,NaN,NaN,NaN,NaN,NaN,NaN,NaN,NaN,NaN,NaN,NaN,NaN,NaN,NaN,NaN,NaN,NaN,NaN,NaN,NaN,NaN,NaN,NaN,NaN,NaN,NaN,NaN,NaN,NaN,NaN,NaN,NaN,NaN,NaN,NaN,0.0,1.2,0.24,0.48000000000000004,0.0,0.0,0.0,5
FEMBAR_PCG_BlockJacobiPreconditioner,0.000249,0.00529,0.00034986200000000005,0.0003993709265282089,0.00028,0.000291,0.000304,1000,0.934648,1.687164,1.0084648059999999,0.05549798272081935,0.99235175,0.99702,1.02470625,1000,0.051372,0.096951,0.054338921000000005,0.004101920342322484,0.05167775,0.05443,0.0551975,1000,0.043645,0.076881,0.0456947,0.0030064172401714304,0.044053,0.045718,0.046083,1000,0.47842,0.651792,0.488269047,0.015213257350245247,0.481807,0.485012,0.48806875,1000,0.334502,0.85991,0.397648576,0.04393718970922269,0.38872425,0.3922235,0.40864675,1000,0.001111,0.014064,0.0013872560000000001,0.0006464727422436309,0.001236,0.001268,0.001316,1000,0.012115,0.027483,0.012603745000000001,0.0010910755051668057,0.012336,0.01241,0.01249825,1000,0.958404,1.740934,1.033384512,0.05715465742640625,1.0165635,1.0215785,1.04915225,1000,NaN,NaN,NaN,NaN,NaN,NaN,NaN,NaN,NaN,NaN,NaN,NaN,NaN,NaN,NaN,NaN,NaN,NaN,NaN,NaN,NaN,NaN,NaN,NaN,NaN,NaN,NaN,NaN,NaN,NaN,NaN,NaN,NaN,NaN,NaN,NaN,NaN,NaN,NaN,NaN,0.0,0.0,0.0,0.0,0.0,0.0,0.0,5
FEMBAR_PCG_JacobiPreconditioner,0.000254,0.011405,0.00036095299999999996,0.0005430035237371854,0.000286,0.000298,0.000311,1000,0.834929,1.569599,0.922300777,0.05569322552698192,0.89614925,0.902242,0.944572,1000,0.051028,0.089603,0.053018217,0.0035791182106646047,0.05145775,0.051599,0.05518625,1000,0.043162,0.074399,0.044724608,0.0027736421557828976,0.043628,0.0438095,0.0447795,1000,0.390388,0.577702,0.400135586,0.01548066166533601,0.39415325,0.3973735,0.4004925,1000,0.327798,0.82143,0.401961048,0.04284171759980797,0.3822015,0.3862035,0.4129005,1000,0.00112,0.004967,0.0013856159999999999,0.0005421348582631448,0.001232,0.001276,0.001314,1000,0.012105,0.027555,0.012629805000000001,0.001072635266516536,0.012361,0.0124345,0.012526,1000,0.858622,1.62225,0.9474532219999999,0.057302178907199644,0.920881,0.92691,0.96981575,1000,NaN,NaN,NaN,NaN,NaN,NaN,NaN,NaN,NaN,NaN,NaN,NaN,NaN,NaN,NaN,NaN,NaN,NaN,NaN,NaN,NaN,NaN,NaN,NaN,NaN,NaN,NaN,NaN,NaN,NaN,NaN,NaN,NaN,NaN,NaN,NaN,NaN,NaN,NaN,NaN,0.0,1.2,0.48,0.5878775382679627,0.0,0.0,1.2,5
FEMBAR_PCG_NoPreconditioner,0.00025,0.000823,0.00029358,4.090434695726115e-05,0.00028,0.00029,0.0003,1000,0.467925,1.047342,0.635387906,0.08091101759717995,0.606764,0.617683,0.66880525,1000,0.051035,0.106256,0.052195913999999996,0.0038282975786377944,0.05137175,0.0514705,0.051638,1000,0.043155,0.086095,0.044305897,0.0033005586430771084,0.04355375,0.0436935,0.04386425,1000,0.023455,0.053243,0.024880329000000003,0.00216800014500899,0.023962,0.0241635,0.0248445,1000,0.329258,0.851797,0.493969264,0.07914244026690297,0.46762525,0.4761675,0.524514,1000,0.001013,0.002147,0.001162347,9.474900839058949e-05,0.001114,0.001147,0.001191,1000,0.011248,0.030994,0.011737923,0.0009825474212835734,0.011527,0.01161,0.01170325,1000,0.489897,1.09731,0.658624483,0.08180514051213231,0.6287605,0.641471,0.69224925,1000,NaN,NaN,NaN,NaN,NaN,NaN,NaN,NaN,NaN,NaN,NaN,NaN,NaN,NaN,NaN,NaN,NaN,NaN,NaN,NaN,NaN,NaN,NaN,NaN,NaN,NaN,NaN,NaN,NaN,NaN,NaN,NaN,NaN,NaN,NaN,NaN,NaN,NaN,NaN,NaN,0.0,1.2,0.24,0.48,0.0,0.0,0.0,5
FEMBAR_PCG_PrecomputedWarpPreconditioner,0.000241,0.000833,0.00029326600000000003,4.269212156827065e-05,0.00027875,0.000291,0.000301,1000,0.324519,0.525071,0.33751731199999996,0.017369652264010816,0.3287375,0.3318815,0.3435445,1000,0.10637,0.160159,0.10949632399999999,0.006086631902704812,0.10672875,0.107095,0.111734,1000,0.057722,0.103091,0.060329825,0.004445336670531828,0.05808,0.0584345,0.0624645,1000,0.05425,0.096429,0.057450146,0.0038870919688996294,0.055279,0.057036,0.05814725,1000,0.083351,0.196278,0.08734002,0.00827727453873556,0.08427325,0.0848005,0.08912825,1000,0.001089,0.002391,0.001240712,9.42575251956044e-05,0.00119975,0.001239,0.001271,1000,0.012069,0.031056,0.012571526,0.0010928556141247571,0.01233575,0.0124295,0.012517,1000,0.348033,0.576504,0.362468607,0.01883669596910645,0.35331425,0.3565405,0.36784475,1000,NaN,NaN,NaN,NaN,NaN,NaN,NaN,NaN,NaN,NaN,NaN,NaN,NaN,NaN,NaN,NaN,NaN,NaN,NaN,NaN,NaN,NaN,NaN,NaN,NaN,NaN,NaN,NaN,NaN,NaN,NaN,NaN,NaN,NaN,NaN,NaN,NaN,NaN,NaN,NaN,0.0,1.2,0.24,0.48000000000000004,0.0,0.0,0.0,5
FEMBAR_PCG_SSORPreconditioner,0.00027,0.00352,0.000385687,0.0003544536204230393,0.000323,0.00034,0.000357,1000,4.003685,7.758132,4.123516629,0.2615764125549079,4.0438475,4.1172255,4.15306275,1000,0.051212,0.101886,0.052891647,0.003807626205970197,0.051575,0.051795,0.052177,1000,0.043566,0.079879,0.045173262000000006,0.0027616504049853955,0.044178,0.044435,0.04487425,1000,3.521232,6.696302,3.575663931,0.22095244784380247,3.538467,3.550528,3.5781085,1000,0.358555,0.914168,0.42464928399999996,0.06459926041490989,0.3649375,0.4461715,0.4712945,1000,0.001252,0.01086,0.001532598,0.0006827597252298937,0.00138,0.0014165,0.001459,1000,0.012884,0.024117,0.013484629000000001,0.0011169534508469903,0.01315475,0.013265,0.01339025,1000,4.028445,7.81668,4.150425382,0.2637408390223328,4.069791,4.143282,4.18094425,1000,NaN,NaN,NaN,NaN,NaN,NaN,NaN,NaN,NaN,NaN,NaN,NaN,NaN,NaN,NaN,NaN,NaN,NaN,NaN,NaN,NaN,NaN,NaN,NaN,NaN,NaN,NaN,NaN,NaN,NaN,NaN,NaN,NaN,NaN,NaN,NaN,NaN,NaN,NaN,NaN,0.0,0.0,0.0,0.0,0.0,0.0,0.0,5
FEMBAR_PCG_WarpPreconditioner,0.000287,0.003904,0.00036058199999999997,0.0001247104858301819,0.00033,0.000345,0.000371,1000,0.096401,11.563352,1.4524945383333334,1.9416848098555284,0.096771,0.0972975,4.077482,3000,0.050217,0.094406,0.052473519,0.0031491563387102584,0.05146875,0.0520795,0.05230925,1000,0.042165,0.089665,0.044676377999999996,0.003567842130632464,0.04360825,0.0443485,0.044621,1000,0.732596,1.967516,0.753195571,0.08403418561417109,0.739783,0.742415,0.7510065,1000,3.195278,9.415718,3.283759608,0.46556501107427345,3.2112605,3.220769,3.24743775,1000,0.001306,0.00313,0.0015964739999999999,0.00016789267799400902,0.00147875,0.001591,0.001675,1000,0.014051,0.051078,0.015419751,0.0018917609286056734,0.014721,0.015144,0.01557125,1000,4.094047,11.632911,4.192991668,0.551173759945981,4.10761925,4.1273595,4.149985,1000,NaN,NaN,NaN,NaN,NaN,NaN,NaN,NaN,NaN,NaN,NaN,NaN,NaN,NaN,NaN,NaN,NaN,NaN,NaN,NaN,NaN,NaN,NaN,NaN,NaN,NaN,NaN,NaN,NaN,NaN,NaN,NaN,NaN,NaN,NaN,NaN,NaN,NaN,NaN,NaN,0.0,0.0,0.0,0.0,0.0,0.0,0.0,5
MatrixAssembly_assembledCG,0.000364,0.00127,0.000468208,6.341820508339855e-05,0.00043675,0.000461,0.000489,1000,16.978268,33.325495,17.283848775,1.122952295888734,17.13558825,17.1863955,17.2536855,1000,0.275064,0.3972,0.28029937699999996,0.008950299537494317,0.2764645,0.277593,0.28069325,1000,0.139047,0.227601,0.14260731299999999,0.006891068668576085,0.140233,0.1410135,0.141925,1000,14.940085,30.975113,15.177536414999999,1.1098276865818897,15.057435,15.0939055,15.1400185,1000,1.574525,2.011848,1.658559877,0.07435520001276219,1.62802525,1.634721,1.6563895,1000,0.001815,0.012426,0.0021515059999999996,0.0005353203619927043,0.002022,0.0020935,0.002175,1000,0.020459,0.064588,0.021520374,0.0024099708857419832,0.02095925,0.021178,0.021431,1000,17.015175,33.419417,17.322293879,1.1273213609997552,17.17297125,17.2239265,17.29418125,1000,NaN,NaN,NaN,NaN,NaN,NaN,NaN,NaN,NaN,NaN,NaN,NaN,NaN,NaN,NaN,NaN,NaN,NaN,NaN,NaN,NaN,NaN,NaN,NaN,NaN,NaN,NaN,NaN,NaN,NaN,NaN,NaN,NaN,NaN,NaN,NaN,NaN,NaN,NaN,NaN,0.0,1.2,0.24,0.48000000000000004,0.0,0.0,0.0,5
MatrixAssembly_assembledCG_blocs,0.000357,0.010648,0.000462161,0.00032861686974195337,0.000412,0.000447,0.00046925,1000,6.649631,11.910967,6.836078603,0.3612309741507798,6.721408,6.791134,6.8724075,1000,0.274614,0.362151,0.281421249,0.01080687074397575,0.27625225,0.277996,0.2809325,1000,0.139018,0.233142,0.142950037,0.0068483413574113704,0.13967425,0.1403065,0.1434595,1000,5.229023,10.217435,5.352853824,0.34259410181483135,5.25897175,5.3064915,5.38421625,1000,0.977301,1.242055,1.035968002,0.04922309583597923,1.00907125,1.012394,1.069276,1000,0.001653,0.013291,0.001900897,0.0006650230841038527,0.00178,0.001832,0.001889,1000,0.019938,0.040019,0.020934671,0.0017008933049309709,0.02050875,0.0207025,0.020893,1000,6.686879,12.000389,6.872521218,0.36484133600556345,6.75683375,6.8264005,6.91018325,1000,NaN,NaN,NaN,NaN,NaN,NaN,NaN,NaN,NaN,NaN,NaN,NaN,NaN,NaN,NaN,NaN,NaN,NaN,NaN,NaN,NaN,NaN,NaN,NaN,NaN,NaN,NaN,NaN,NaN,NaN,NaN,NaN,NaN,NaN,NaN,NaN,NaN,NaN,NaN,NaN,0.0,0.0,0.0,0.0,0.0,0.0,0.0,5
MatrixAssembly_direct,0.000551,0.012374,0.000825121,0.0009826594020101776,0.000639,0.0006765,0.00073825,1000,0.212155,43.422518,11.753196486,11.577565585499212,0.21680775,11.6097105,23.14100675,2000,0.291786,0.432559,0.307453754,0.012090078592279044,0.30128625,0.3049105,0.30854425,1000,0.148427,0.227042,0.15933381700000002,0.008107863094645285,0.1536355,0.157974,0.162841,1000,15.033419,31.031802,15.294741852,1.0974191619108062,15.15022175,15.1806205,15.26684925,1000,7.372757,11.974791,7.484657246,0.3175215626264986,7.430699,7.456921,7.48819175,1000,0.003112,0.016418,0.00428641,0.0013507797044300007,0.00379325,0.004041,0.0042985,1000,0.031628,0.066319,0.034608173000000006,0.003114818459729395,0.03331675,0.0340405,0.0350875,1000,22.99826,43.519518,23.352479151999997,1.4169172899845597,23.16358325,23.2071325,23.32413275,1000,NaN,NaN,NaN,NaN,NaN,NaN,NaN,NaN,NaN,NaN,NaN,NaN,NaN,NaN,NaN,NaN,NaN,NaN,NaN,NaN,NaN,NaN,NaN,NaN,NaN,NaN,NaN,NaN,NaN,NaN,NaN,NaN,NaN,NaN,NaN,NaN,NaN,NaN,NaN,NaN,0.0,1.2,0.48,0.5878775382679627,0.0,0.0,1.2,5
MatrixAssembly_direct_blocs,0.000532,0.009521,0.0006948379999999999,0.0003147972899438622,0.000642,0.000671,0.000708,1000,0.211602,23.016372,6.844032868,6.642184315157498,0.21596325,6.783547,13.42105,2000,0.292851,0.387481,0.304205614,0.013287055302398798,0.29791025,0.2997225,0.3046985,1000,0.148428,0.239159,0.159069907,0.009191628074304953,0.1530475,0.1578795,0.16154625,1000,5.278415,10.009445,5.411463608,0.3256883157199293,5.33660525,5.3978795,5.43633725,1000,7.442565,12.586765,7.556444985000001,0.3277673579808624,7.4982085,7.5241165,7.5549915,1000,0.003191,0.014619,0.004147364,0.0007211799841260154,0.003837,0.004077,0.0043435,1000,0.031152,0.062978,0.033383144000000003,0.002374045424852692,0.03250175,0.0329705,0.0335045,1000,13.329341,23.115299,13.533586671,0.6514325209163315,13.4266385,13.483607,13.5308495,1000,NaN,NaN,NaN,NaN,NaN,NaN,NaN,NaN,NaN,NaN,NaN,NaN,NaN,NaN,NaN,NaN,NaN,NaN,NaN,NaN,NaN,NaN,NaN,NaN,NaN,NaN,NaN,NaN,NaN,NaN,NaN,NaN,NaN,NaN,NaN,NaN,NaN,NaN,NaN,NaN,0.0,1.2,0.24,0.48000000000000004,0.0,0.0,0.0,5
MatrixAssembly_matrixfreeCG,0.000333,0.010729,0.000397952,0.00033045527941916744,0.00036,0.000381,0.000406,1000,5.577467,7.312717,5.941275012,0.3069939391681631,5.76108425,5.801841,6.13632275,1000,0.275359,0.361384,0.28135146899999997,0.009166812534629417,0.27613175,0.2767355,0.28189075,1000,0.138693,0.192098,0.14319945199999998,0.00643491743829678,0.139738,0.1400925,0.14437725,1000,0.018734,0.052575,0.020773083999999997,0.0025786443859020193,0.01927925,0.0197495,0.02200825,1000,5.121129,6.827351,5.47545026,0.3014316262053177,5.30193225,5.34045,5.66556475,1000,0.001381,0.004186,0.0015334790000000001,0.0001380824447893359,0.001474,0.001514,0.001571,1000,0.019319,0.039974,0.020128703,0.001360129946288589,0.01978775,0.019914,0.020087,1000,5.609992,7.346757,5.975866466,0.3070840564710041,5.79521475,5.836437,6.16962525,1000,NaN,NaN,NaN,NaN,NaN,NaN,NaN,NaN,NaN,NaN,NaN,NaN,NaN,NaN,NaN,NaN,NaN,NaN,NaN,NaN,NaN,NaN,NaN,NaN,NaN,NaN,NaN,NaN,NaN,NaN,NaN,NaN,NaN,NaN,NaN,NaN,NaN,NaN,NaN,NaN,0.0,0.0,0.0,0.0,0.0,0.0,0.0,5
FastTetrahedralCorotationalForceField,0.000913,0.018859,0.0013263230000000001,0.001336403979592623,0.00107675,0.00113,0.001182,1000,9.434513,17.196743,10.247859872,0.5779956009791974,10.01111025,10.180168,10.3638645,1000,0.32564,1.182897,0.69044322025,0.25350575974903455,0.467546,0.6234185,0.80951425,4000,0.251548,0.626645,0.39584328975,0.04141427336369425,0.36818725,0.383248,0.41858325,4000,0.694518,1.834555,0.8319121985000001,0.09850291739722533,0.772023,0.8230635,0.87370325,4000,4.056932,14.480183,6.2754716705,1.748387046594791,4.5843135,7.065754,7.90493775,4000,0.009118,0.032839,0.011241119,0.00286669896585585,0.01028075,0.010626,0.0110745,1000,0.048728,0.083551,0.052571402999999996,0.005458123341276835,0.05031875,0.0508585,0.0518595,1000,9.56436,17.636492,10.379474987,0.591720991244942,10.143453,10.311261,10.49568375,1000,NaN,NaN,NaN,NaN,NaN,NaN,NaN,NaN,NaN,NaN,NaN,NaN,NaN,NaN,NaN,NaN,NaN,NaN,NaN,NaN,NaN,NaN,NaN,NaN,NaN,NaN,NaN,NaN,NaN,NaN,NaN,NaN,NaN,NaN,NaN,NaN,NaN,NaN,NaN,NaN,0.0,1.2,0.48,0.5878775382679627,0.0,0.0,1.2,5
HexahedronFEMForceField,0.099955,2.587846,0.118505281,0.17146510039861768,0.10363875,0.1050615,0.107762,1000,1.294001,2.67156,1.341194548,0.0961260042868406,1.30788325,1.338802,1.34904025,1000,0.050655,0.091422,0.054354899,0.003974283170937748,0.051966,0.052621,0.05637625,1000,0.042277,0.079638,0.045253947999999995,0.0028707030102913815,0.043985,0.0444495,0.04635925,1000,0.689001,1.973513,0.712152424,0.08843120791612101,0.69654125,0.701064,0.71355825,1000,0.485077,0.588217,0.509192967,0.01935869092495438,0.4928225,0.4990515,0.52354225,1000,0.001427,0.014589,0.0017328789999999999,0.00066570023611157,0.001574,0.001622,0.00167425,1000,0.013567,0.034292,0.014198017,0.0011320093686498357,0.013935,0.014039,0.014143,1000,1.425884,5.321825,1.488137335,0.26739388016012033,1.44227625,1.4724895,1.4840535,1000,NaN,NaN,NaN,NaN,NaN,NaN,NaN,NaN,NaN,NaN,NaN,NaN,NaN,NaN,NaN,NaN,NaN,NaN,NaN,NaN,NaN,NaN,NaN,NaN,NaN,NaN,NaN,NaN,NaN,NaN,NaN,NaN,NaN,NaN,NaN,NaN,NaN,NaN,NaN,NaN,0.0,1.2,0.24,0.48000000000000004,0.0,0.0,0.0,5
TetrahedronFEMForceField,0.000723,0.009651,0.000997293,0.0007100763516348083,0.000849,0.0008995,0.000954,1000,3.717054,4.613491,4.072697327,0.18123087824279854,3.9326715,4.048214,4.2247835,1000,0.106331,0.793304,0.44254391675,0.25696850829075113,0.218134,0.50898,0.70360025,4000,0.091765,0.20623,0.12682422,0.014649931456737264,0.11975575,0.1251525,0.13573725,4000,0.022687,0.057511,0.02841412375,0.005338715386020867,0.02482,0.0262385,0.030363,4000,2.234796,3.676847,2.887317193,0.28360384402496247,2.80566525,2.9299295,3.0380985,4000,0.005067,0.019603,0.006623398,0.0014678924788948267,0.006067,0.00634,0.00665325,1000,0.072557,0.13515,0.078271648,0.006395010429866084,0.07576125,0.076856,0.07823175,1000,5.496583,6.768952,5.929458657,0.2011771783402714,5.78538925,5.907998,6.06229825,1000,NaN,NaN,NaN,NaN,NaN,NaN,NaN,NaN,NaN,NaN,NaN,NaN,NaN,NaN,NaN,NaN,NaN,NaN,NaN,NaN,NaN,NaN,NaN,NaN,NaN,NaN,NaN,NaN,NaN,NaN,NaN,NaN,NaN,NaN,NaN,NaN,NaN,NaN,NaN,NaN,0.0,0.0,0.0,0.0,0.0,0.0,0.0,5
TorusFall,2.961164,6.591217,3.265117155,0.2585596481326214,3.156981,3.202596,3.3188105,1000,2.791404,6.034894,2.969938494,0.24485559479041513,2.87713475,2.9050425,2.9629455,1000,0.055481,0.146259,0.0839388542,0.0190135840940666,0.06393975,0.084642,0.10017525,5000,0.028617,0.083363,0.0386581086,0.007982440738020298,0.03261,0.036047,0.04077375,5000,0.711341,1.941038,0.7894924594,0.0812484462361758,0.76085975,0.776146,0.7901045,5000,0.711341,1.941038,0.7894924594,0.0812484462361758,0.76085975,0.776146,0.7901045,5000,0.077579,0.189869,0.117948083,0.01929077779671185,0.109478,0.1164235,0.12632175,1000,0.116729,0.237393,0.153708861,0.01677417582570539,0.14624425,0.151984,0.16064925,1000,4.170701,18.289317,6.943273639,2.5082596672141264,5.36525275,5.7842425,7.849156,1000,0.498263,13.990199,2.897448998,2.4444465260183126,1.39156,1.7528485,3.84542925,1000,0.094659,0.235396,0.138222308,0.019225374937387723,0.1293615,0.1360385,0.14578125,1000,0.203564,4.753792,1.2270696170000002,0.8914273233045811,0.67631075,0.833735,1.55507225,1000,0.017303,8.977827,1.232370673,1.5334451361487889,0.24979375,0.598125,1.586292,1000,0.179365,0.538176,0.29808902000000004,0.07913064949625777,0.247423,0.274231,0.3352315,1000,0.0,1.2,0.24,0.48,0.0,0.0,0.0,5
