SceneName,CollisionDetection_min,CollisionDetection_max,CollisionDetection_mean,CollisionDetection_std,CollisionDetection_quartile1,CollisionDetection_quartile2,CollisionDetection_quartile3,CollisionDetection_cardinality,ODESolve_min,ODESolve_max,ODESolve_mean,ODESolve_std,ODESolve_quartile1,ODESolve_quartile2,ODESolve_quartile3,ODESolve_cardinality,ComputeForce_min,ComputeForce_max,ComputeForce_mean,ComputeForce_std,ComputeForce_quartile1,ComputeForce_quartile2,ComputeForce_quartile3,ComputeForce_cardinality,ComputeRHTerm_min,ComputeRHTerm_max,ComputeRHTerm_mean,ComputeRHTerm_std,ComputeRHTerm_quartile1,ComputeRHTerm_quartile2,ComputeRHTerm_quartile3,ComputeRHTerm_cardinality,setSystemMBKMatrix_min,setSystemMBKMatrix_max,setSystemMBKMatrix_mean,setSystemMBKMatrix_std,setSystemMBKMatrix_quartile1,setSystemMBKMatrix_quartile2,setSystemMBKMatrix_quartile3,setSystemMBKMatrix_cardinality,MBKSolve_min,MBKSolve_max,MBKSolve_mean,MBKSolve_std,MBKSolve_quartile1,MBKSolve_quartile2,MBKSolve_quartile3,MBKSolve_cardinality,ProjectAndMechaMap_min,ProjectAndMechaMap_max,ProjectAndMechaMap_mean,ProjectAndMechaMap_std,ProjectAndMechaMap_quartile1,ProjectAndMechaMap_quartile2,ProjectAndMechaMap_quartile3,ProjectAndMechaMap_cardinality,UpdateBBox_min,UpdateBBox_max,UpdateBBox_mean,UpdateBBox_std,UpdateBBox_quartile1,UpdateBBox_quartile2,UpdateBBox_quartile3,UpdateBBox_cardinality,TimeStep_min,TimeStep_max,TimeStep_mean,TimeStep_std,TimeStep_quartile1,TimeStep_quartile2,TimeStep_quartile3,TimeStep_cardinality,SolveConstraint_min,SolveConstraint_max,SolveConstraint_mean,SolveConstraint_std,SolveConstraint_quartile1,SolveConstraint_quartile2,SolveConstraint_quartile3,SolveConstraint_cardinality,PrepareState_min,PrepareState_max,PrepareState_mean,PrepareState_std,PrepareState_quartile1,PrepareState_quartile2,PrepareState_quartile3,PrepareState_cardinality,BuildSystem_min,BuildSystem_max,BuildSystem_mean,BuildSystem_std,BuildSystem_quartile1,BuildSystem_quartile2,BuildSystem_quartile3,BuildSystem_cardinality,SolveSystem_min,SolveSystem_max,SolveSystem_mean,SolveSystem_std,SolveSystem_quartile1,SolveSystem_quartile2,SolveSystem_quartile3,SolveSystem_cardinality,ApplyCorrection_min,ApplyCorrection_max,ApplyCorrection_mean,ApplyCorrection_std,ApplyCorrection_quartile1,ApplyCorrection_quartile2,ApplyCorrection_quartile3,ApplyCorrection_cardinality,CPUUsage_min,CPUUsage_max,CPUUsage_mean,CPUUsage_std,CPUUsage_quartile1,CPUUsage_quartile2,CPUUsage_quartile3,CPUUsage_cardinality
fallingBeamLagrangianCollision,0.343143,0.442229,0.3615546156862745,0.017871535559768437,0.3482685,0.354498,0.368516,255,11.818149,13.567118,12.387876886274508,0.3145012873850125,12.1935965,12.444054,12.5268095,255,0.28407,0.399761,0.2996709843137255,0.02126424966232561,0.286558,0.288915,0.3087685,255,0.135428,0.209273,0.14379162352941177,0.01383613964662886,0.137064,0.137748,0.139899,255,3.574675,4.683145,3.694517780392157,0.08045595541884774,3.656249,3.688337,3.7279825,255,3.574675,4.683145,3.694517780392157,0.08045595541884774,3.656249,3.688337,3.7279825,255,0.022703,0.0565,0.024534011764705883,0.0034251996174631096,0.023508,0.02389,0.024325,255,0.047768,0.082858,0.05064117647058824,0.005600054383860166,0.0488285,0.049368,0.0498965,255,40.317556,54.806339,47.72877465098039,2.0543508335328955,47.560527,48.02237,48.3540385,255,27.249409,41.849549,34.808537945098045,2.0700723511624637,35.050948,35.233807,35.336244,255,0.020259,0.06058,0.022468160784313726,0.002999020972543581,0.0216,0.021949,0.0224035,255,21.757794,28.335949,22.178206156862746,1.2804384475843462,21.851275,21.889474,21.9315875,255,4.945073,14.231508,12.180315635294116,1.7903015907101536,12.705765,12.897156,12.9960335,255,0.397218,0.540037,0.4248169215686275,0.02557701130162123,0.408857,0.414805,0.434588,255,0.0,1.2,0.48,0.5878775382679627,0.0,0.0,1.2,5
SofaScene,8.975632,10.428371,9.378116901424502,0.2883448233115731,9.1222475,9.311954,9.5697885,1755,8.677885,10.087388,9.0638029014245,0.27859563450317104,8.8196455,9.002547,9.243538,1755,0.004869,0.590417,0.17697964207027542,0.17234830061506895,0.02928,0.117352,0.284435,10530,0.005943,0.321374,0.08282188366571701,0.08055812592742279,0.01432125,0.062377,0.1386945,10530,0.03601,3.797874,1.1739665887939221,1.206387011884513,0.087964,0.8906755,1.76362075,10530,0.03601,3.797874,1.1739665887939221,1.206387011884513,0.087964,0.8906755,1.76362075,10530,0.099033,0.189284,0.11417433732193731,0.012250650127159202,0.1051825,0.10898,0.121282,1755,0.115842,0.230112,0.1303541264957265,0.010760525484841564,0.1232995,0.126698,0.1338995,1755,23.892282,41.19481,30.84326067749288,3.6820354747037354,28.3515515,30.343937,32.65258,1755,14.3954,31.326731,20.959047566951565,3.6546824728993856,18.5803235,20.485986,22.773618,1755,0.071426,0.180832,0.08388686153846155,0.009640356119409362,0.0785095,0.081425,0.08686,1755,13.597639,30.078471,20.12351607065527,3.5620675601556546,17.7951035,19.666964,21.96009,1755,0.100866,0.954496,0.25667497037037035,0.10500041361857064,0.198576,0.231926,0.282966,1755,0.433497,0.682713,0.49265363817663815,0.030794930167463302,0.472007,0.486109,0.5078985,1755,0.0,0.0,0.0,0.0,0.0,0.0,0.0,5
BilateralLagrangianConstraint_NNCG,0.038896,1.751749,0.107010626,0.12162400677650002,0.054305,0.092999,0.12342275,1000,0.124871,0.24599,0.14052952,0.016117216248583376,0.12813325,0.1324145,0.15271,1000,0.001839,0.016783,0.00249950475,0.0008600796375786592,0.002002,0.0021065,0.002902,4000,0.003991,0.02829,0.0050926085,0.0015962061524839924,0.004237,0.004469,0.005665,4000,0.000378,0.01788,0.0007636735,0.0007223235389337316,0.000488,0.000545,0.000944,4000,0.000378,0.01788,0.0007636735,0.0007223235389337316,0.000488,0.000545,0.000944,4000,0.019821,0.056215,0.022675285,0.0039588686057729925,0.02037575,0.020659,0.02431225,1000,0.025182,0.055944,0.027774664,0.0033092620599015727,0.02590575,0.026368,0.02916325,1000,0.417514,2.4051,0.517725931,0.1505919587447691,0.44811475,0.479583,0.5729885,1000,0.086473,0.204138,0.10152503,0.015996548993114108,0.089544,0.093371,0.113078,1000,0.024837,0.063322,0.028973566,0.005003347841759955,0.0258445,0.0265485,0.0314455,1000,0.039345,0.12274,0.046528940000000005,0.009121270480168867,0.040369,0.0429755,0.05194,1000,0.005267,0.02679,0.00651137,0.001766579149401464,0.005529,0.0056945,0.00702175,1000,0.015993,0.046344,0.018968355,0.003291190210087378,0.016635,0.01735,0.020636,1000,0.0,0.0,0.0,0.0,0.0,0.0,0.0,5
BilateralLagrangianConstraint_PGS,0.033915,1.797515,0.107958298,0.12390273158742385,0.05353425,0.093741,0.12429125,1000,0.12501,0.249954,0.142349873,0.01666687145912126,0.12955375,0.134569,0.15365525,1000,0.001864,0.024634,0.00253915225,0.001092364854373271,0.00204,0.002167,0.002948,4000,0.003975,0.029061,0.00512356575,0.001527540150103079,0.00422275,0.0044025,0.00572625,4000,0.000354,0.020017,0.0007559215000000001,0.0007692568311934252,0.000485,0.000541,0.000894,4000,0.000354,0.020017,0.0007559215000000001,0.0007692568311934252,0.000485,0.000541,0.000894,4000,0.0198,0.056809,0.022884286,0.004361535375782708,0.020433,0.0206805,0.02450275,1000,0.025482,0.063694,0.028023411,0.003903108263433004,0.02603175,0.026444,0.02938225,1000,0.419423,2.419575,0.5240571660000001,0.15371080203855694,0.4514645,0.4828045,0.578309,1000,0.087006,0.20965,0.10317441499999999,0.016435614176135156,0.09038925,0.0944765,0.11467225,1000,0.024987,0.076289,0.029361337,0.005639222407516039,0.025983,0.026785,0.0320435,1000,0.039549,0.116393,0.047130741999999996,0.009384747495134646,0.04045875,0.04339,0.0527505,1000,0.005373,0.025192,0.006716982,0.0018360834326565881,0.005659,0.0060485,0.00706725,1000,0.016395,0.059213,0.019444456,0.00391315842383924,0.01701975,0.01752,0.020791,1000,0.0,1.2,0.72,0.5878775382679627,0.0,1.2,1.2,5
BilateralLagrangianConstraint_UGS,0.036528,1.841544,0.080546489,0.12501078521879572,0.05318925,0.067587,0.0793535,1000,0.125917,0.234192,0.13612202299999998,0.012898943198125613,0.12846925,0.131968,0.1367825,1000,0.001843,0.02066,0.00243773175,0.0010396048392499612,0.002032,0.0021015,0.002892,4000,0.003932,0.031548,0.0048314245,0.0014740446215429674,0.004179,0.004318,0.0056,4000,0.000398,0.021733,0.0007691885,0.0007255732075178562,0.000491,0.000554,0.00096725,4000,0.000398,0.021733,0.0007691885,0.0007255732075178562,0.000491,0.000554,0.00096725,4000,0.020006,0.05779,0.021392771,0.003199834579561731,0.020409,0.0206,0.02098925,1000,0.025589,0.067378,0.027242080999999998,0.004517456381243653,0.0260145,0.0261825,0.0263975,1000,0.435605,2.467315,0.501747505,0.14519864252753184,0.461426,0.483298,0.50558425,1000,0.0986,0.213945,0.12303633800000001,0.016674628055214784,0.11099475,0.120842,0.12779675,1000,0.025347,0.078578,0.02775528,0.004893407987650325,0.02612575,0.026489,0.02692025,1000,0.044725,0.114356,0.048454383999999996,0.0074460791543297464,0.04557375,0.0461815,0.047195,1000,0.00869,0.077682,0.027695637999999998,0.010169720915096736,0.019223,0.0286595,0.03312825,1000,0.016564,0.0561,0.018624619,0.0033311268228392327,0.017157,0.017451,0.018021,1000,0.0,1.2,0.24,0.48000000000000004,0.0,0.0,0.0,5
FrictionContact_LCP_with_friction,0.040239,1.475378,0.083935542,0.09744480416702697,0.0751005,0.0758955,0.0780025,1000,0.03975,0.104452,0.052492466999999994,0.008180609065522627,0.05061075,0.050981,0.05164225,1000,0.00278,0.01456,0.004070023,0.0009782721842467974,0.00397775,0.004055,0.00413925,1000,0.005627,0.025071,0.007483396,0.0015145423173962488,0.007359,0.00744,0.00751225,1000,0.000683,0.010356,0.001025289,0.0005544118590713947,0.000933,0.000965,0.00099725,1000,0.000683,0.010356,0.001025289,0.0005544118590713947,0.000933,0.000965,0.00099725,1000,0.006058,0.030693,0.00943302,0.002314771681527144,0.00918575,0.009309,0.009433,1000,0.009799,0.044967,0.012840816000000001,0.002648965114180253,0.012406,0.012533,0.01265175,1000,0.140618,1.716158,0.24196399100000002,0.10773000404599879,0.23114875,0.233697,0.2501205,1000,0.011989,0.108575,0.038468811,0.011113726766088818,0.0384015,0.038944,0.04064075,1000,0.001976,0.018824,0.003096785,0.001272908535117508,0.002863,0.002959,0.00308325,1000,0.006835,0.050546,0.016934906,0.0049659135352081996,0.016631,0.016762,0.016954,1000,0.001582,0.07138,0.016292636,0.006689100526042645,0.0170365,0.017356,0.0176055,1000,0.000966,0.018454,0.0013765070000000001,0.0006920597517201821,0.001265,0.001303,0.001342,1000,0.0,0.0,0.0,0.0,0.0,0.0,0.0,5
FrictionContact_LCP_without_friction,0.040767,1.557684,0.099345367,0.10229653517630159,0.075874,0.1037995,0.10538325,1000,0.039818,0.1475,0.053066066,0.009436423399553669,0.05058575,0.0511075,0.05210275,1000,0.0028,0.025173,0.004172991,0.0015472281373213842,0.00400875,0.004084,0.00415825,1000,0.005664,0.03661,0.007655166000000001,0.0021437667621371503,0.00728475,0.0073985,0.007506,1000,0.000726,0.016884,0.001027534,0.0006695980606632609,0.00093275,0.000966,0.00099525,1000,0.000726,0.016884,0.001027534,0.0006695980606632609,0.00093275,0.000966,0.00099525,1000,0.006078,0.042942,0.009557307000000001,0.0027815624351703845,0.009225,0.0093875,0.00953,1000,0.010073,0.048101,0.012821013000000001,0.0028472486131054663,0.012357,0.0124705,0.012593,1000,0.140803,1.790332,0.248441776,0.11293835286092951,0.22051825,0.2520535,0.2568075,1000,0.011888,0.071318,0.028634818,0.0076586977306116475,0.02584125,0.029457,0.030506,1000,0.001928,0.018462,0.003229824,0.001275116471944426,0.002922,0.003079,0.003352,1000,0.006846,0.052645,0.015766391,0.004801572211278198,0.01504575,0.0157115,0.016085,1000,0.001573,0.029508,0.007553377,0.003236524883709532,0.005846,0.00889,0.00914725,1000,0.000954,0.017868,0.001358771,0.0008075459334050292,0.001194,0.001267,0.001322,1000,0.0,0.0,0.0,0.0,0.0,0.0,0.0,5
FixedProjectiveConstraint,0.008595,0.15236,0.010293700000000001,0.008802708833989684,0.00891175,0.00905,0.0094355,1000,1.102609,1.310526,1.131811479,0.02901495508336277,1.11005975,1.1264825,1.13920725,1000,0.067217,0.141126,0.069272057,0.006020933084311019,0.067608,0.067733,0.06793625,1000,0.037297,0.089805,0.03856579,0.003701772312001374,0.03767225,0.03787,0.0381665,1000,0.00066,0.004709,0.000894317,0.00029265401160927213,0.00081,0.000862,0.00091225,1000,0.988927,1.162906,1.01460363,0.025361083143649446,0.9951855,1.0109805,1.0214625,1000,0.002772,0.013359,0.003182705,0.000841530757592971,0.002914,0.0029725,0.003204,1000,0.008045,0.038484,0.008702361,0.0014980883067025788,0.008395,0.0084995,0.008643,1000,1.135805,1.493879,1.167770261,0.03512740166068192,1.1444915,1.160503,1.17583275,1000,NaN,NaN,NaN,NaN,NaN,NaN,NaN,NaN,NaN,NaN,NaN,NaN,NaN,NaN,NaN,NaN,NaN,NaN,NaN,NaN,NaN,NaN,NaN,NaN,NaN,NaN,NaN,NaN,NaN,NaN,NaN,NaN,NaN,NaN,NaN,NaN,NaN,NaN,NaN,NaN,0.0,1.2,0.48,0.5878775382679627,0.0,0.0,1.2,5
FEMBAR_EigenSimplicialLDLT,0.00027,0.000835,0.00032404700000000005,4.405399858128658e-05,0.000306,0.000318,0.000332,1000,2.505555,5.13365,2.591589804,0.19963672541472818,2.53405125,2.5699345,2.59659025,1000,0.051281,0.095107,0.053919869,0.004832079968485517,0.05260575,0.05286,0.053121,1000,0.043031,0.118803,0.045485922,0.0049921006035451645,0.04430275,0.044584,0.044868,1000,0.689604,2.174603,0.720309588,0.1005231308218375,0.69567025,0.7033865,0.7254305,1000,1.709635,2.822289,1.764394686,0.11537902651556478,1.72277025,1.7472075,1.7681725,1000,0.001153,0.018164,0.00133174,0.0006339207398405576,0.001246,0.001283,0.001332,1000,0.005922,0.02461,0.006589339,0.0013966927156962622,0.006239,0.006369,0.006539,1000,2.523743,5.182771,2.609541149,0.20224330968905943,2.55084625,2.5881965,2.6140855,1000,NaN,NaN,NaN,NaN,NaN,NaN,NaN,NaN,NaN,NaN,NaN,NaN,NaN,NaN,NaN,NaN,NaN,NaN,NaN,NaN,NaN,NaN,NaN,NaN,NaN,NaN,NaN,NaN,NaN,NaN,NaN,NaN,NaN,NaN,NaN,NaN,NaN,NaN,NaN,NaN,0.0,1.2,0.24,0.48000000000000004,0.0,0.0,0.0,5
FEMBAR_EigenSimplicialLLT,0.000282,0.003111,0.000341966,9.918047612307575e-05,0.000314,0.000331,0.000355,1000,2.605408,5.123428,2.700611299,0.18838425490940475,2.66185325,2.676013,2.69392975,1000,0.052401,0.11149,0.054522980000000006,0.006105559948571465,0.052788,0.053006,0.053282,1000,0.044025,0.084962,0.045657908000000004,0.005060064873056076,0.04436475,0.044493,0.044719,1000,0.689492,2.029723,0.7225717460000001,0.09128046188071949,0.69908875,0.717261,0.72955925,1000,1.80385,2.989843,1.870490111,0.11282152086799167,1.8392175,1.8518095,1.87083975,1000,0.001167,0.011424,0.001374486,0.00035861421026501443,0.001252,0.0013075,0.001442,1000,0.005907,0.042306,0.006608419,0.0014992954676910752,0.00623475,0.0063935,0.0066975,1000,2.621406,5.172189,2.71879188,0.19118857909595854,2.67961325,2.69356,2.7122265,1000,NaN,NaN,NaN,NaN,NaN,NaN,NaN,NaN,NaN,NaN,NaN,NaN,NaN,NaN,NaN,NaN,NaN,NaN,NaN,NaN,NaN,NaN,NaN,NaN,NaN,NaN,NaN,NaN,NaN,NaN,NaN,NaN,NaN,NaN,NaN,NaN,NaN,NaN,NaN,NaN,0.0,1.2,0.24,0.48,0.0,0.0,0.0,5
FEMBAR_EigenSparseLU,0.000305,0.013023,0.000408808,0.0004035608270583258,0.000356,0.000388,0.000419,1000,3.365847,6.108282,3.473444707,0.20617843436170316,3.41824825,3.446007,3.473406,1000,0.053939,0.107604,0.056736755,0.00570215661561264,0.05474975,0.0552635,0.05590125,1000,0.044807,0.08533,0.047253143,0.0055136232115144575,0.04534075,0.045956,0.0467065,1000,0.6961,2.01706,0.735290134,0.09144026865338949,0.705234,0.7301405,0.74631825,1000,2.545486,3.941562,2.625067849,0.1293982726974831,2.57931025,2.609175,2.63115325,1000,0.001292,0.010414,0.001598486,0.00033494553259298736,0.00147,0.001575,0.00168025,1000,0.00695,0.028594,0.0079551,0.001518083744066842,0.007473,0.0076975,0.007998,1000,3.385716,6.171268,3.494828929,0.20888061993938536,3.439422,3.466407,3.49580425,1000,NaN,NaN,NaN,NaN,NaN,NaN,NaN,NaN,NaN,NaN,NaN,NaN,NaN,NaN,NaN,NaN,NaN,NaN,NaN,NaN,NaN,NaN,NaN,NaN,NaN,NaN,NaN,NaN,NaN,NaN,NaN,NaN,NaN,NaN,NaN,NaN,NaN,NaN,NaN,NaN,0.0,1.2,0.24,0.48000000000000004,0.0,0.0,0.0,5
FEMBAR_EigenSparseQR,0.00029,0.00098,0.000377538,6.749425572595048e-05,0.000335,0.000369,0.000402,1000,10.947057,14.658876,11.176738842,0.2833874213888031,11.0550415,11.1249655,11.24092575,1000,0.053493,0.114458,0.058966693,0.005134311027270456,0.05744725,0.058317,0.059192,1000,0.043597,0.08349,0.046746485,0.0037081589081072296,0.045637,0.0462635,0.0467305,1000,0.697638,2.013844,0.729565839,0.0925903139471893,0.7071035,0.712121,0.73705525,1000,10.137641,12.4773,10.331638073,0.20089313670153014,10.22854375,10.2918105,10.393985,1000,0.001261,0.012263,0.0016356880000000002,0.0004604368454587447,0.001452,0.001542,0.00173125,1000,0.007458,0.030601,0.008767766,0.0018890404699857546,0.00815925,0.00848,0.0088195,1000,10.970095,14.716988,11.199983844,0.2863406775510382,11.07767575,11.1467345,11.26531375,1000,NaN,NaN,NaN,NaN,NaN,NaN,NaN,NaN,NaN,NaN,NaN,NaN,NaN,NaN,NaN,NaN,NaN,NaN,NaN,NaN,NaN,NaN,NaN,NaN,NaN,NaN,NaN,NaN,NaN,NaN,NaN,NaN,NaN,NaN,NaN,NaN,NaN,NaN,NaN,NaN,0.0,1.2,0.24,0.48,0.0,0.0,0.0,5
FEMBAR_PrecomputedLinearSolver,0.000276,0.017605,0.00045989800000000003,0.0005680993043438796,0.000389,0.0004285,0.00047125,1000,0.742736,107.586584,1.319195512,7.454629026646068,0.76360475,0.78919,0.81141625,1000,0.054623,0.101642,0.058462769,0.0070583572150776696,0.055808,0.0563485,0.05735025,1000,0.043441,0.098636,0.046785495999999996,0.005731998960047359,0.044429,0.0449325,0.0471325,1000,0.000122,106.63519,0.528245706,7.446377706260428,0.000185,0.00021,0.000265,1000,0.634476,0.799793,0.677290508,0.03266630303352273,0.64259875,0.676612,0.6985295,1000,0.001172,0.010895,0.001659548,0.0004579066604625882,0.001507,0.001614,0.00172,1000,0.0069,0.0266,0.008551452,0.0015733546840099343,0.007787,0.0083685,0.00889025,1000,0.761762,107.687289,1.342009553,7.458016920723718,0.78719175,0.8110775,0.8335015,1000,NaN,NaN,NaN,NaN,NaN,NaN,NaN,NaN,NaN,NaN,NaN,NaN,NaN,NaN,NaN,NaN,NaN,NaN,NaN,NaN,NaN,NaN,NaN,NaN,NaN,NaN,NaN,NaN,NaN,NaN,NaN,NaN,NaN,NaN,NaN,NaN,NaN,NaN,NaN,NaN,0.0,0.0,0.0,0.0,0.0,0.0,0.0,5
FEMBAR_SparseLDLSolver,0.000251,0.000837,0.000310818,4.847682823782926e-05,0.000283,0.000303,0.000327,1000,0.071999,4.817096,1.3467082105000001,1.2780542374673327,0.072368,1.3263495,2.601364,2000,0.051949,0.106729,0.054265127,0.005592529627536273,0.05246575,0.052788,0.0534695,1000,0.043939,0.093054,0.045836163,0.005114609606453947,0.044437,0.0446235,0.0448985,1000,0.688633,2.001457,0.720398462,0.09200881868832224,0.69602425,0.715504,0.724725,1000,1.700356,2.652132,1.7911816429999998,0.08698915309181686,1.76238725,1.7796595,1.8007105,1000,0.001118,0.01066,0.001320393,0.00032822480794571273,0.001246,0.001289,0.001339,1000,0.005888,0.026813,0.006722879,0.001531564322631929,0.006319,0.0065235,0.00672625,1000,2.548908,4.86711,2.637707004,0.17081463653787982,2.5949145,2.619399,2.641678,1000,NaN,NaN,NaN,NaN,NaN,NaN,NaN,NaN,NaN,NaN,NaN,NaN,NaN,NaN,NaN,NaN,NaN,NaN,NaN,NaN,NaN,NaN,NaN,NaN,NaN,NaN,NaN,NaN,NaN,NaN,NaN,NaN,NaN,NaN,NaN,NaN,NaN,NaN,NaN,NaN,0.0,1.2,0.24,0.48000000000000004,0.0,0.0,0.0,5
FEMBAR_MinResLinearSolver,0.000237,0.000819,0.000279014,4.4808278297653885e-05,0.000261,0.000271,0.00028325,1000,2.797955,3.760619,3.153593435,0.169035566948349,3.02833325,3.1100185,3.28680275,1000,0.050423,0.088128,0.052975682999999996,0.005148632783420371,0.051777,0.051927,0.05204225,1000,0.041778,0.090089,0.044323394,0.004490594188163077,0.04347575,0.0436265,0.043775,1000,0.000471,0.009459,0.000681593,0.0005353367476187301,0.000544,0.000578,0.000627,1000,2.697807,3.622313,3.049342582,0.16754218213889682,2.92547225,3.005629,3.17988525,1000,0.00094,0.010014,0.001109963,0.0002970402121447532,0.001045,0.001089,0.00113625,1000,0.005454,0.018121,0.00590245,0.0008094011647508297,0.005678,0.00576,0.00591125,1000,2.813838,3.853191,3.169697782,0.16986693374075626,3.043761,3.1258255,3.30261025,1000,NaN,NaN,NaN,NaN,NaN,NaN,NaN,NaN,NaN,NaN,NaN,NaN,NaN,NaN,NaN,NaN,NaN,NaN,NaN,NaN,NaN,NaN,NaN,NaN,NaN,NaN,NaN,NaN,NaN,NaN,NaN,NaN,NaN,NaN,NaN,NaN,NaN,NaN,NaN,NaN,0.0,0.0,0.0,0.0,0.0,0.0,0.0,5
FEMBAR_ShewchukPCGLinearSolver,0.000235,0.00946,0.00029091,0.0002926702272182806,0.000267,0.00028,0.00029,1000,0.425863,1.012127,0.601834194,0.08277689402296007,0.5628205,0.6047555,0.6446865,1000,0.051749,0.104858,0.054175819,0.006193564595145432,0.051936,0.052017,0.053498,1000,0.043114,0.092937,0.045831479,0.0062257939494942335,0.04345275,0.0436655,0.046523,1000,0.000402,0.011686,0.000543043,0.00048739760068244073,0.00047775,0.000506,0.00053725,1000,0.324308,0.828808,0.49529452399999996,0.08118791566598703,0.46091075,0.497094,0.53983625,1000,0.000942,0.011987,0.001125422,0.0006455917532899564,0.001033,0.00107,0.001118,1000,0.005274,0.0208,0.0057640619999999995,0.001487366798794433,0.00547,0.005553,0.005646,1000,0.440905,1.05548,0.6178174209999999,0.08372908820983159,0.5778305,0.6198505,0.6604715,1000,NaN,NaN,NaN,NaN,NaN,NaN,NaN,NaN,NaN,NaN,NaN,NaN,NaN,NaN,NaN,NaN,NaN,NaN,NaN,NaN,NaN,NaN,NaN,NaN,NaN,NaN,NaN,NaN,NaN,NaN,NaN,NaN,NaN,NaN,NaN,NaN,NaN,NaN,NaN,NaN,0.0,1.2,0.48,0.5878775382679627,0.0,0.0,1.2,5
FEMBAR_CGLinearSolver,0.000239,0.003822,0.000280601,0.00011990381895085744,0.00026,0.00027,0.000284,1000,2.945711,4.021335,3.3934539530000003,0.19836691849951388,3.24714875,3.391903,3.50664375,1000,0.051361,0.103057,0.053789428,0.005298057183233869,0.05177075,0.051962,0.05447825,1000,0.042963,0.089241,0.044519603000000005,0.0041282830803363035,0.04330875,0.0434965,0.0437905,1000,0.000526,0.015428,0.0007995470000000001,0.0007359405232700533,0.00063,0.000674,0.000731,1000,2.844516,3.909692,3.288099486,0.19786966878015894,3.141316,3.2862825,3.40246675,1000,0.000971,0.011291,0.001115777,0.00034033209850233047,0.001054,0.001085,0.00113025,1000,0.005425,0.026826,0.00594143,0.0014345971466233995,0.00564075,0.0057505,0.005905,1000,2.962808,4.0366,3.4094686490000004,0.1981917207764285,3.26259275,3.408712,3.52117775,1000,NaN,NaN,NaN,NaN,NaN,NaN,NaN,NaN,NaN,NaN,NaN,NaN,NaN,NaN,NaN,NaN,NaN,NaN,NaN,NaN,NaN,NaN,NaN,NaN,NaN,NaN,NaN,NaN,NaN,NaN,NaN,NaN,NaN,NaN,NaN,NaN,NaN,NaN,NaN,NaN,0.0,0.0,0.0,0.0,0.0,0.0,0.0,5
FEMBAR_CGLinearSolver_assembled,0.000235,0.002619,0.0002895,8.457238319924537e-05,0.000271,0.000283,0.000297,1000,2.007812,3.499676,2.21756525,0.11714266158494735,2.152705,2.214649,2.2666365,1000,0.050743,0.093996,0.052779937,0.004073410466799411,0.05193975,0.0521295,0.05231425,1000,0.042473,0.100182,0.045016558,0.00486721365717964,0.04396975,0.0441185,0.044287,1000,0.686359,2.02486,0.714899708,0.09115083331449436,0.69141475,0.7072025,0.7213505,1000,1.213306,1.622004,1.397939056,0.08064361241167749,1.33215775,1.406285,1.4550255,1000,0.001112,0.010005,0.001231074,0.0002907042767556061,0.001181,0.0012095,0.001241,1000,0.005464,0.023611,0.006035395000000001,0.001352615664915574,0.005728,0.0058225,0.00596,1000,2.023129,3.542278,2.2350521779999997,0.11849606377085406,2.17166375,2.232947,2.28352575,1000,NaN,NaN,NaN,NaN,NaN,NaN,NaN,NaN,NaN,NaN,NaN,NaN,NaN,NaN,NaN,NaN,NaN,NaN,NaN,NaN,NaN,NaN,NaN,NaN,NaN,NaN,NaN,NaN,NaN,NaN,NaN,NaN,NaN,NaN,NaN,NaN,NaN,NaN,NaN,NaN,0.0,1.2,0.24,0.48,0.0,0.0,0.0,5
FEMBAR_PCG_BlockJacobiPreconditioner,0.000238,0.000844,0.000288974,4.452973527879994e-05,0.000269,0.000281,0.000298,1000,0.899803,1.703088,0.9939982079999999,0.0632498906557374,0.96761825,0.9914225,1.00663225,1000,0.051992,0.10237,0.054362652000000004,0.0051646949916617545,0.0523935,0.0526125,0.05419825,1000,0.042162,0.091509,0.044898485999999994,0.005139819165087815,0.043664,0.04383,0.04412425,1000,0.444028,0.647635,0.460172381,0.021271478185444448,0.445657,0.449439,0.4712995,1000,0.349853,0.91041,0.427761034,0.04986216270290374,0.41346625,0.417563,0.44545775,1000,0.00106,0.018209,0.001213481,0.0006391214013307644,0.001139,0.001175,0.001211,1000,0.005369,0.020487,0.00585913,0.0012163158475905836,0.00561475,0.005701,0.00580525,1000,0.917913,1.74773,1.0108929549999999,0.06512586338740528,0.9838435,1.0077945,1.02357175,1000,NaN,NaN,NaN,NaN,NaN,NaN,NaN,NaN,NaN,NaN,NaN,NaN,NaN,NaN,NaN,NaN,NaN,NaN,NaN,NaN,NaN,NaN,NaN,NaN,NaN,NaN,NaN,NaN,NaN,NaN,NaN,NaN,NaN,NaN,NaN,NaN,NaN,NaN,NaN,NaN,0.0,0.0,0.0,0.0,0.0,0.0,0.0,5
FEMBAR_PCG_JacobiPreconditioner,0.000241,0.017695,0.00030935399999999997,0.0005738097512974138,0.000265,0.000278,0.000293,1000,0.798984,1.604162,0.901086732,0.06046832692517774,0.8732175,0.8930545,0.91881825,1000,0.050765,0.102941,0.053516982000000005,0.005727306808935244,0.05207075,0.052451,0.052574,1000,0.042038,0.084326,0.044792928999999995,0.004826169388858933,0.0435365,0.0438355,0.04427025,1000,0.355318,0.572399,0.36676578600000004,0.02034059140704134,0.3564705,0.358917,0.3658985,1000,0.342715,0.896047,0.42915036900000003,0.047056276732874214,0.4089175,0.4135635,0.452074,1000,0.001086,0.01301,0.001247297,0.0005920831569897931,0.001179,0.001201,0.001228,1000,0.005311,0.016742,0.005783309,0.0008372777015536719,0.005554,0.005644,0.005799,1000,0.813921,1.647725,0.9180245699999999,0.062052263800147535,0.8898805,0.9092955,0.93597375,1000,NaN,NaN,NaN,NaN,NaN,NaN,NaN,NaN,NaN,NaN,NaN,NaN,NaN,NaN,NaN,NaN,NaN,NaN,NaN,NaN,NaN,NaN,NaN,NaN,NaN,NaN,NaN,NaN,NaN,NaN,NaN,NaN,NaN,NaN,NaN,NaN,NaN,NaN,NaN,NaN,0.0,1.2,0.24,0.48000000000000004,0.0,0.0,0.0,5
FEMBAR_PCG_NoPreconditioner,0.000232,0.020781,0.00028736399999999997,0.0006497256417165631,0.000255,0.000263,0.000271,1000,0.426112,0.988969,0.6145824790000001,0.08514505769164503,0.56590975,0.612488,0.656047,1000,0.051639,0.088609,0.054687364,0.005593508719355321,0.051871,0.0526305,0.05585425,1000,0.043054,0.113758,0.045295417000000004,0.005421659814402874,0.04334175,0.043497,0.04599425,1000,0.00036,0.012224,0.000506539,0.0004120174201159461,0.000449,0.000476,0.00050625,1000,0.325205,0.852774,0.5082547629999999,0.08391258489805227,0.46388925,0.510022,0.54635825,1000,0.000904,0.002395,0.001105538,0.00012537721705317917,0.001027,0.001072,0.00118,1000,0.005248,0.018471,0.005649486,0.0008352435021022313,0.00545,0.0055405,0.005652,1000,0.440351,1.032399,0.63030079,0.0860593045078561,0.58085875,0.628525,0.6715555,1000,NaN,NaN,NaN,NaN,NaN,NaN,NaN,NaN,NaN,NaN,NaN,NaN,NaN,NaN,NaN,NaN,NaN,NaN,NaN,NaN,NaN,NaN,NaN,NaN,NaN,NaN,NaN,NaN,NaN,NaN,NaN,NaN,NaN,NaN,NaN,NaN,NaN,NaN,NaN,NaN,0.0,0.0,0.0,0.0,0.0,0.0,0.0,5
FEMBAR_PCG_PrecomputedWarpPreconditioner,0.000232,0.000967,0.00026885,4.191058935400456e-05,0.000255,0.000263,0.000273,1000,0.255982,0.491086,0.271184518,0.021169501241920557,0.2581065,0.261086,0.2807335,1000,0.107377,0.170085,0.112457853,0.0101805781030053,0.107709,0.107829,0.111501,1000,0.057739,0.109553,0.061100824,0.007399801907417793,0.05812,0.058298,0.05868725,1000,0.000516,0.065093,0.001091921,0.004460609435352864,0.000629,0.00067,0.00071425,1000,0.0843,0.16615,0.090043709,0.01026441729131854,0.085469,0.0859835,0.089097,1000,0.000973,0.014144,0.001236608,0.0008772061812002922,0.001056,0.001089,0.001129,1000,0.005387,0.119043,0.006069254,0.003859337716951446,0.00556,0.00565,0.00577725,1000,0.270745,0.535452,0.28774601,0.023156007667555736,0.273644,0.2769905,0.296836,1000,NaN,NaN,NaN,NaN,NaN,NaN,NaN,NaN,NaN,NaN,NaN,NaN,NaN,NaN,NaN,NaN,NaN,NaN,NaN,NaN,NaN,NaN,NaN,NaN,NaN,NaN,NaN,NaN,NaN,NaN,NaN,NaN,NaN,NaN,NaN,NaN,NaN,NaN,NaN,NaN,0.0,1.2,0.24,0.48000000000000004,0.0,0.0,0.0,5
FEMBAR_PCG_SSORPreconditioner,0.00026,0.010661,0.000325581,0.00044153942002838205,0.000285,0.000299,0.000316,1000,3.971952,8.076282,4.122961833,0.2783404610388599,4.0429405,4.1014535,4.166786,1000,0.051545,0.098044,0.053554033,0.004468437220764213,0.05243575,0.0526315,0.052832,1000,0.042551,0.081748,0.045068844,0.004300640870575455,0.043956,0.044208,0.044445,1000,3.490957,6.983221,3.573714156,0.23405134693420088,3.51471875,3.5581155,3.58714225,1000,0.371405,0.947922,0.44311146500000004,0.06835002428832615,0.37871825,0.468487,0.49114125,1000,0.001174,0.021255,0.001432768,0.001112229780295421,0.00131,0.0013415,0.001373,1000,0.006151,0.024372,0.006782609,0.0014479776559460438,0.006431,0.0065505,0.006697,1000,3.990104,8.126225,4.141939684,0.2805004032646444,4.0617385,4.1201515,4.18643825,1000,NaN,NaN,NaN,NaN,NaN,NaN,NaN,NaN,NaN,NaN,NaN,NaN,NaN,NaN,NaN,NaN,NaN,NaN,NaN,NaN,NaN,NaN,NaN,NaN,NaN,NaN,NaN,NaN,NaN,NaN,NaN,NaN,NaN,NaN,NaN,NaN,NaN,NaN,NaN,NaN,0.0,1.2,0.24,0.48,0.0,0.0,0.0,5
FEMBAR_PCG_WarpPreconditioner,0.000292,0.000811,0.00036950599999999997,5.872985581456845e-05,0.000332,0.000364,0.000391,1000,0.096461,12.442698,1.530628103,2.0533503086657086,0.096996,0.0976065,4.279317,3000,0.05253,0.096265,0.054765737999999994,0.004957214144996764,0.053003,0.053328,0.0542575,1000,0.042699,0.082448,0.045543399,0.0037407957367115085,0.044399,0.0445455,0.0448525,1000,0.760816,2.255088,0.814277374,0.10076132252356618,0.79395175,0.802066,0.82262025,1000,3.304316,10.037162,3.470797712,0.4942448724253992,3.36985475,3.3984275,3.44062575,1000,0.00127,0.018647,0.001473879,0.0005706973141333328,0.001385,0.001429,0.001475,1000,0.007404,0.020561,0.008394261,0.0011147020789785045,0.00796175,0.008218,0.0084845,1000,4.226891,12.499692,4.416756595,0.5917266305715325,4.30059525,4.340195,4.38579075,1000,NaN,NaN,NaN,NaN,NaN,NaN,NaN,NaN,NaN,NaN,NaN,NaN,NaN,NaN,NaN,NaN,NaN,NaN,NaN,NaN,NaN,NaN,NaN,NaN,NaN,NaN,NaN,NaN,NaN,NaN,NaN,NaN,NaN,NaN,NaN,NaN,NaN,NaN,NaN,NaN,0.0,0.0,0.0,0.0,0.0,0.0,0.0,5
MatrixAssembly_assembledCG,0.000359,0.01076,0.000448133,0.0003314018758411002,0.00041,0.00043,0.000451,1000,16.767566,33.358909,17.181190960000002,1.150679530663704,16.975146,17.12359,17.190333,1000,0.278372,0.383922,0.285813413,0.013395134150221527,0.27908225,0.279418,0.28361875,1000,0.140366,0.242307,0.14547885500000002,0.009868969272521573,0.141757,0.142336,0.142897,1000,14.70047,31.142354,15.050881795,1.1338299362321904,14.86578475,14.99262,15.06058525,1000,1.586995,2.014432,1.689396286,0.07900835118284778,1.638591,1.6671415,1.700952,1000,0.0016,0.019032,0.002007616,0.0008127024403457885,0.001845,0.001928,0.002019,1000,0.008811,0.038926,0.010044056,0.0023303612378479006,0.009359,0.009681,0.0099915,1000,16.792909,33.436852,17.207463969,1.1545820441137071,17.000111,17.1493605,17.21735625,1000,NaN,NaN,NaN,NaN,NaN,NaN,NaN,NaN,NaN,NaN,NaN,NaN,NaN,NaN,NaN,NaN,NaN,NaN,NaN,NaN,NaN,NaN,NaN,NaN,NaN,NaN,NaN,NaN,NaN,NaN,NaN,NaN,NaN,NaN,NaN,NaN,NaN,NaN,NaN,NaN,0.0,0.0,0.0,0.0,0.0,0.0,0.0,5
MatrixAssembly_assembledCG_blocs,0.000349,0.003075,0.000418041,0.00010117570518162946,0.000393,0.000407,0.000423,1000,6.341923,11.503527,6.565483683,0.35387343809996324,6.48136225,6.534601,6.59821475,1000,0.276169,0.350909,0.289550511,0.016795597468678484,0.27709,0.2779435,0.3081475,1000,0.138882,0.2035,0.14377245000000002,0.009288431167290846,0.13989575,0.140521,0.1409865,1000,4.89834,9.858369,5.08040984,0.34084908931136726,5.006042,5.0517045,5.105318,1000,0.980068,1.251516,1.042695611,0.04724629049533602,1.014529,1.034345,1.046639,1000,0.001547,0.018939,0.0018173030000000001,0.0006544963462014131,0.001705,0.001752,0.00182325,1000,0.008337,0.039653,0.009325092,0.002292807990551324,0.00875775,0.0090175,0.00926625,1000,6.365998,11.577309,6.589764440000001,0.35756512088366843,6.5041775,6.559273,6.62297425,1000,NaN,NaN,NaN,NaN,NaN,NaN,NaN,NaN,NaN,NaN,NaN,NaN,NaN,NaN,NaN,NaN,NaN,NaN,NaN,NaN,NaN,NaN,NaN,NaN,NaN,NaN,NaN,NaN,NaN,NaN,NaN,NaN,NaN,NaN,NaN,NaN,NaN,NaN,NaN,NaN,0.0,2.4,0.72,0.96,0.0,0.0,1.2,5
MatrixAssembly_direct,0.000471,0.014434,0.000664484,0.0005368877738820282,0.000585,0.000631,0.000682,1000,0.211687,43.907567,11.844086511499999,11.668522059185136,0.21488425,11.5952455,23.39686775,2000,0.289365,0.368623,0.30806663900000003,0.01355823040572327,0.30000025,0.3022335,0.3080855,1000,0.149377,0.227647,0.160693576,0.011207286730525994,0.1542385,0.155528,0.16441775,1000,14.711213,30.959146,15.112062681,1.1099588171852734,14.96217425,15.0486035,15.11936775,1000,7.669563,12.438025,7.868891404,0.32391998004028216,7.80186825,7.8521435,7.89000775,1000,0.002988,0.013886,0.0037983310000000003,0.0006742259038623479,0.003561,0.003729,0.003919,1000,0.020863,0.057358,0.023658163,0.0036124641596050468,0.0225115,0.0230675,0.023763,1000,22.945947,43.98893,23.520198513999997,1.4321365757630484,23.32764025,23.448639,23.54233025,1000,NaN,NaN,NaN,NaN,NaN,NaN,NaN,NaN,NaN,NaN,NaN,NaN,NaN,NaN,NaN,NaN,NaN,NaN,NaN,NaN,NaN,NaN,NaN,NaN,NaN,NaN,NaN,NaN,NaN,NaN,NaN,NaN,NaN,NaN,NaN,NaN,NaN,NaN,NaN,NaN,0.0,1.2,0.48,0.5878775382679627,0.0,0.0,1.2,5
MatrixAssembly_direct_blocs,0.000537,0.012984,0.000855871,0.000831609394102183,0.000699,0.000744,0.000789,1000,0.210952,23.683934,6.863085198,6.663893676873317,0.2140315,6.7609,13.4280665,2000,0.289039,0.414549,0.303740387,0.012982255994057081,0.297175,0.29883,0.30381325,1000,0.150496,0.220744,0.159438682,0.009146456919533159,0.15403325,0.156887,0.1607165,1000,4.97675,10.022184,5.126269681,0.34452238991709266,5.05005225,5.103617,5.14120525,1000,7.704955,13.146827,7.900650742,0.3605683940623269,7.807976,7.8510245,7.93301525,1000,0.003005,0.021201,0.003938599,0.0014853830395554542,0.00349,0.0036575,0.00384325,1000,0.018909,0.055113,0.022356479,0.0031356592916895487,0.02111225,0.0219545,0.0226625,1000,13.287484,23.764695,13.557523082000001,0.7011723511820481,13.41559875,13.477199,13.588116,1000,NaN,NaN,NaN,NaN,NaN,NaN,NaN,NaN,NaN,NaN,NaN,NaN,NaN,NaN,NaN,NaN,NaN,NaN,NaN,NaN,NaN,NaN,NaN,NaN,NaN,NaN,NaN,NaN,NaN,NaN,NaN,NaN,NaN,NaN,NaN,NaN,NaN,NaN,NaN,NaN,0.0,1.2,0.24,0.48,0.0,0.0,0.0,5
MatrixAssembly_matrixfreeCG,0.000316,0.003676,0.000404266,0.0003551200772189598,0.000341,0.000354,0.000371,1000,5.544502,6.941393,5.878040294,0.25636368141589316,5.73436675,5.8193895,5.88476725,1000,0.27683,0.355156,0.283482458,0.011497722612771454,0.277687,0.278155,0.2817075,1000,0.139028,0.206571,0.14427664499999998,0.009131289384472219,0.14010575,0.1408075,0.14386,1000,0.000639,0.00692,0.000908791,0.00047713491312101656,0.00076875,0.000829,0.000911,1000,5.11931,6.507487,5.4413346030000005,0.25378365821609433,5.304424,5.3811755,5.44357175,1000,0.001261,0.015748,0.001586683,0.0009189369665602748,0.00136,0.001413,0.001505,1000,0.00763,0.035204,0.008292706,0.001280601181306655,0.007939,0.008122,0.0083295,1000,5.563146,6.961823,5.898867173,0.256691350843368,5.75468175,5.8399945,5.90582025,1000,NaN,NaN,NaN,NaN,NaN,NaN,NaN,NaN,NaN,NaN,NaN,NaN,NaN,NaN,NaN,NaN,NaN,NaN,NaN,NaN,NaN,NaN,NaN,NaN,NaN,NaN,NaN,NaN,NaN,NaN,NaN,NaN,NaN,NaN,NaN,NaN,NaN,NaN,NaN,NaN,0.0,0.0,0.0,0.0,0.0,0.0,0.0,5
FastTetrahedralCorotationalForceField,0.000989,0.010234,0.0011615039999999998,0.00041622894179045263,0.001088,0.001124,0.001168,1000,8.592382,22.202344,9.004843413000001,0.9306825098272754,8.792232,8.8551355,8.93304675,1000,0.344059,1.43621,0.6965021302500001,0.2383799670524828,0.4916265,0.65678,0.79214225,4000,0.269092,0.57288,0.382791156,0.034083147591876896,0.36036025,0.377268,0.40134825,4000,0.621558,2.408137,0.7557758085,0.10453848741552475,0.70075875,0.7485015,0.7937855,4000,6.051679,18.759664,6.737717734249999,0.6894329088497808,6.50675525,6.65674,6.8412125,4000,0.007927,0.050519,0.00973587,0.002389873833301666,0.00888375,0.009265,0.00974875,1000,0.048267,0.107456,0.053263362999999994,0.005907064222880178,0.05032425,0.0511835,0.0533695,1000,8.696083,22.497616,9.111625776,0.9424139347327776,8.89665475,8.9584395,9.043273,1000,NaN,NaN,NaN,NaN,NaN,NaN,NaN,NaN,NaN,NaN,NaN,NaN,NaN,NaN,NaN,NaN,NaN,NaN,NaN,NaN,NaN,NaN,NaN,NaN,NaN,NaN,NaN,NaN,NaN,NaN,NaN,NaN,NaN,NaN,NaN,NaN,NaN,NaN,NaN,NaN,0.0,1.2,0.24,0.48000000000000004,0.0,0.0,0.0,5
HexahedronFEMForceField,0.10021,2.709862,0.12108186500000001,0.17869813145999253,0.1041435,0.1054265,0.108786,1000,1.279109,2.796845,1.326978043,0.10368483475301077,1.2959185,1.3160295,1.33802525,1000,0.051817,0.097713,0.053753664,0.005875828261539304,0.05213575,0.052267,0.052388,1000,0.043622,0.095919,0.045331118000000004,0.0052543435182785675,0.043993,0.044097,0.04425125,1000,0.68301,2.074012,0.715851997,0.09515941265113499,0.68985125,0.7042835,0.723284,1000,0.488662,0.619797,0.50468141,0.019346897077823617,0.49113575,0.494234,0.5171995,1000,0.001315,0.010549,0.0016106949999999999,0.0006394775054487844,0.001457,0.001494,0.001535,1000,0.007868,0.028275,0.008506929,0.0015101848734373551,0.008145,0.0082535,0.00839125,1000,1.40065,5.496409,1.468731867,0.28160758326508767,1.4226715,1.4448565,1.46947225,1000,NaN,NaN,NaN,NaN,NaN,NaN,NaN,NaN,NaN,NaN,NaN,NaN,NaN,NaN,NaN,NaN,NaN,NaN,NaN,NaN,NaN,NaN,NaN,NaN,NaN,NaN,NaN,NaN,NaN,NaN,NaN,NaN,NaN,NaN,NaN,NaN,NaN,NaN,NaN,NaN,0.0,1.2,0.48,0.5878775382679627,0.0,0.0,1.2,5
TetrahedronFEMForceField,0.000699,0.00388,0.000943923,0.00014024595919669134,0.000873,0.000924,0.00098225,1000,11.729208,12.629102,12.024383681,0.15852070718655414,11.88852875,12.0219305,12.1539665,1000,0.105126,0.802574,0.397236582,0.23840964140053938,0.19650575,0.43806,0.63490575,4000,0.082201,0.166948,0.1015235915,0.011543485942778627,0.1020395,0.1038335,0.10571975,4000,0.000649,0.028242,0.00132554625,0.001339773765551833,0.00090775,0.001052,0.001295,4000,2.069705,2.894029,2.4979251425,0.22385635127332928,2.5247185,2.594775,2.6440875,4000,0.0037,0.022571,0.004764913,0.001121277803860845,0.00445575,0.0046595,0.0048695,1000,0.039739,0.10047,0.042770969,0.004224916746403295,0.04139475,0.042099,0.04283025,1000,13.355102,14.43929,13.747721479,0.19476218180272975,13.6000225,13.752174,13.89506,1000,NaN,NaN,NaN,NaN,NaN,NaN,NaN,NaN,NaN,NaN,NaN,NaN,NaN,NaN,NaN,NaN,NaN,NaN,NaN,NaN,NaN,NaN,NaN,NaN,NaN,NaN,NaN,NaN,NaN,NaN,NaN,NaN,NaN,NaN,NaN,NaN,NaN,NaN,NaN,NaN,0.0,0.0,0.0,0.0,0.0,0.0,0.0,5
